block_id,concept_id,sequence,kind,pedagogical_level,title,body
sr.principle_of_relativity.definition,sr.principle_of_relativity,10,definition,,Definition,"The principle of relativity states that the laws of physics have the same form in all inertial frames, so no inertial frame is physically preferred."
sr.principle_of_relativity.explanation,sr.principle_of_relativity,30,explanation,,Explanation,"A practical way to read this principle is: a smoothly moving laboratory is not second-class physics. If you are inside a sealed train moving at constant speed, the local experiments you can do with balls, springs, clocks, or light pulses obey the same laws as they would in the station. This does not mean different observers assign the same numbers to everything. They may disagree about times, distances, and velocities. In special relativity the principle becomes a strong constraint: once light speed is also invariant, the old Galilean way of changing frames has to be replaced by Lorentz transformations."
sr.constancy_of_speed_of_light.definition,sr.constancy_of_speed_of_light,10,definition,,Definition,"The constancy of the speed of light is the postulate that light in vacuum is measured to travel at the same speed \(c\) by every inertial observer, independent of the motion of the source or observer."
sr.constancy_of_speed_of_light.explanation,sr.constancy_of_speed_of_light,30,explanation,,Explanation,"This postulate is subtle because it sounds like an ordinary statement about light, but it really reshapes the meaning of space and time. If two observers move relative to one another, common sense might suggest they should measure different speeds for the same light pulse, just as they would for a thrown ball. Special relativity says no. The only way this can work is if their measurements of distance, time, and simultaneity adjust together. A useful picture is a flash of light spreading outward: observers may slice spacetime differently, but the lightlike boundary remains the same for all of them."
sr.inertial_frames.definition,sr.inertial_frames,10,definition,,Definition,An inertial frame is a non-accelerating reference frame in which a free particle moves in a straight line at constant velocity unless acted on by a force.
sr.inertial_frames.explanation,sr.inertial_frames,30,explanation,,Explanation,"The important point is that special relativity first compares these clean, non-accelerating descriptions. Relativity is not saying every possible observer is equivalent in the same easy way. Accelerating observers can feel their acceleration; inertial observers cannot detect uniform motion by doing internal experiments. A train gliding smoothly is approximately inertial; a train braking or rounding a curve is not. Most of special relativity is built by comparing such inertial descriptions."
sr.spacetime_event.definition,sr.spacetime_event,10,definition,,Definition,"A spacetime event is a single occurrence at a definite place and time, represented in an inertial frame by one set of spacetime coordinates."
sr.spacetime_event.explanation,sr.spacetime_event,30,explanation,,Explanation,"An event is deliberately small: one where-and-when, not an extended process. A bulb flashing at a definite place and time is an event; the whole journey of the bulb is not. This distinction helps because different observers can disagree about the coordinates of the flash while still referring to the same physical occurrence. Think of coordinates as labels pinned onto the event by a chosen frame. The event itself is the thing being labelled. Once events are clear, spacetime intervals, worldlines, and four-vectors become much less mysterious: they are ways of organizing relationships between events."
sr.principle_of_locality.definition,sr.principle_of_locality,10,definition,,Definition,"The principle of locality states that physical laws relate quantities at the same spacetime event, or infinitesimally nearby events, rather than allowing instantaneous action at a distance."
sr.principle_of_locality.explanation,sr.principle_of_locality,30,explanation,,Explanation,"A field equation does not let a charge here instantly grab a charge across the room; influence has to be carried through nearby field values and can propagate only at finite speed. This is one reason fields become so natural in relativity. Instead of action at a distance, each spacetime event uses the information available at or infinitesimally near that event. If an electric charge is shaken, a distant charge responds only after the electromagnetic disturbance has had time to get there. Locality is the bookkeeping discipline that makes that statement precise."
sr.lorentz_transformations.definition,sr.lorentz_transformations,10,definition,,Definition,"Lorentz transformations are the linear coordinate transformations relating two \cref{Inertial frames}{sr.inertial_frames} in special relativity. They preserve the \cref{Spacetime interval}{sr.spacetime_interval}, or equivalently the \cref{Metric tensor}{sr.metric_tensor}, so that all inertial observers agree on the invariant spacetime separation between the same pair of events."
sr.lorentz_transformations.derivation,sr.lorentz_transformations,20,derivation,,Derivation,"The transformations are derived by combining the \cref{Principle of relativity}{sr.principle_of_relativity} with the \cref{Constancy of the speed of light}{sr.constancy_of_speed_of_light}. Homogeneity of space and time implies that transformations between inertial coordinates are linear. The invariant light speed requires lightlike separations to remain lightlike in every inertial frame, and the stronger geometric statement is that the \cref{Spacetime interval}{sr.spacetime_interval} is preserved: \[ ds^2=c^2dt^2-dx^2-dy^2-dz^2=c^2dt'^2-dx'^2-dy'^2-dz'^2. \] In four-vector notation, with \(x^\mu=(ct,x,y,z)\), a Lorentz transformation is written \[ x'^\mu=\Lambda^\mu{}_{\nu}\,x^\nu, \] where \(\Lambda^\mu{}_{\nu}\) are the components of the Lorentz transformation matrix. Preservation of the \cref{Metric tensor}{sr.metric_tensor} gives the defining condition \[ \eta_{\alpha\beta}\Lambda^\alpha{}_{\mu}\,\Lambda^\beta{}_{\nu}=\eta_{\mu\nu}, \qquad \eta_{\mu\nu}=\mathrm{diag}(1,-1,-1,-1). \] For a boost with relative speed \(v\) along the \(x\)-axis, this gives \[ ct'=\gamma(ct-\beta x), \qquad x'=\gamma(x-\beta ct), \qquad y'=y, \qquad z'=z, \] \optional_details{Check interval preservation for an x-boost}{Substitute the boost equations into \(c^2dt'^2-dx'^2\): \[ c^2dt'^2-dx'^2=\gamma^2[(cdt-\beta dx)^2-(dx-\beta cdt)^2]=\gamma^2(1-\beta^2)(c^2dt^2-dx^2)=c^2dt^2-dx^2. \] The \(y\) and \(z\) coordinates are unchanged by this boost, so the full spacetime interval is preserved in the boosted frame.} where \(\beta=v/c\) and \(\gamma=1/\sqrt{1-\beta^2}\). \optional_details{Why homogeneity implies linear transformations}{Homogeneity means no special origin of space or time. If two displacements between events are the same in one inertial frame, they must transform in the same way wherever and whenever they occur. That rules out transformations whose coefficients depend on position or time, and it makes the transformation of a displacement depend linearly on the original displacement. Otherwise equal rods or equal clock intervals placed at different locations would transform differently.} \optional_details{From metric preservation to the x-boost equations}{For a boost along \(x\), symmetry says only \(ct\) and \(x\) mix, while \(y\) and \(z\) stay unchanged. Try \(ct'=a ct+b x\) and \(x'=d ct+e x\), then impose \(ct'^2-x'^2=ct^2-x^2\). The coefficients must satisfy \(a^2-d^2=1\), \(b^2-e^2=-1\), and \(ab-de=0\). Choosing the relative speed through the worldline \(x=vt\), which has \(x'=0\), gives the standard solution \(a=e=\gamma\) and \(b=d=-\gamma\beta\).}"
sr.lorentz_transformations.explanation,sr.lorentz_transformations,30,explanation,,Explanation,"Lorentz transformations are the rulebook for translating between inertial observers. They can feel strange at first because they mix time with space: what one observer calls purely a time separation may partly become a space separation for another. The important reassurance is that the transformation is not changing the physical event. It changes the coordinate description while preserving the spacetime interval. In a Minkowski diagram this looks like tilted axes rather than a broken reality. The transformation is what lets both observers describe the same physics while disagreeing about quantities such as simultaneity, length, and elapsed coordinate time."
sr.spacetime_interval.definition,sr.spacetime_interval,10,definition,,Definition,"The spacetime interval is the invariant quadratic measure of separation between two \cref{Spacetime events}{sr.spacetime_event}. With the \(+---\) convention it is \[ \Delta s^2=c^2\Delta t^2-\Delta x^2-\Delta y^2-\Delta z^2=\eta_{\mu\nu}\Delta x^\mu\Delta x^\nu, \] where \(\eta_{\mu\nu}\) is the \cref{Metric tensor}{sr.metric_tensor}."
sr.spacetime_interval.derivation,sr.spacetime_interval,20,derivation,,Derivation,"The interval is obtained by contracting the coordinate separation \(\Delta x^\mu\) between two events with the \cref{Metric tensor}{sr.metric_tensor}: \[ \Delta s^2=\eta_{\mu\nu}\Delta x^\mu\Delta x^\nu. \] For \(\Delta x^\mu=(c\Delta t,\Delta x,\Delta y,\Delta z)\) and \(\eta_{\mu\nu}=\mathrm{diag}(1,-1,-1,-1)\), this gives \[ \Delta s^2=c^2\Delta t^2-\Delta x^2-\Delta y^2-\Delta z^2. \] The \cref{Lorentz transformations}{sr.lorentz_transformations} are precisely the transformations that leave this number unchanged. \optional_details{Expanding \(\eta_{\mu\nu}\Delta x^\mu\Delta x^\nu\)}{With \(\Delta x^\mu=(c\Delta t,\Delta x,\Delta y,\Delta z)\) and \(\eta_{\mu\nu}=\mathrm{diag}(1,-1,-1,-1)\), the contraction has only diagonal terms. Therefore \(\eta_{\mu\nu}\Delta x^\mu\Delta x^\nu=(c\Delta t)^2-(\Delta x)^2-(\Delta y)^2-(\Delta z)^2\). The repeated indices just tell us to sum over the four coordinate components.} \optional_details{Why invariant does not mean components are unchanged}{A Lorentz transformation changes the individual components \(\Delta t,\Delta x,\Delta y,\Delta z\). What stays fixed is the particular combination \(c^2\Delta t^2-\Delta x^2-\Delta y^2-\Delta z^2\). This is like rotating an ordinary vector: the separate \(x\) and \(y\) components change, but the length \(x^2+y^2\) does not.}"
sr.spacetime_interval.explanation,sr.spacetime_interval,30,explanation,,Explanation,"The interval is the quantity that replaces ordinary distance as the thing everyone can agree on. In Euclidean geometry, rotations change coordinate components but not length. In Minkowski spacetime, Lorentz transformations change time and space components but not \(c^2\Delta t^2-\Delta\mathbf x^2\). The minus signs are not decoration; they are what allow timelike, lightlike, and spacelike separations to behave differently. For a light signal, \(\Delta x=c\Delta t\), so the interval is zero. Another observer may assign different \(\Delta x\) and \(\Delta t\), but still finds zero. That shared classification is the point."
sr.metric_tensor.definition,sr.metric_tensor,10,definition,,Definition,"The metric tensor \(\eta_{\mu\nu}\) is the tensor that defines inner products and invariant intervals in flat spacetime. In the convention used here, \[ \eta_{\mu\nu}=\mathrm{diag}(1,-1,-1,-1). \] It supplies the signs used to contract four-vector components and compute the \cref{Spacetime interval}{sr.spacetime_interval}."
sr.metric_tensor.derivation,sr.metric_tensor,20,derivation,,Derivation,"The metric is introduced as the bilinear object that reproduces the invariant interval. Starting from \(x^\mu=(ct,x,y,z)\), require \[ s^2=c^2t^2-x^2-y^2-z^2=\eta_{\mu\nu}x^\mu x^\nu. \] Reading off the coefficients gives \(\eta_{00}=1\), \(\eta_{11}=\eta_{22}=\eta_{33}=-1\), and off-diagonal components zero. Writing a Lorentz transformation as \(x'=\Lambda x\), where \(\Lambda\) is the Lorentz transformation matrix, the defining condition \[ \Lambda^T\eta\Lambda=\eta, \] says that this metric structure is preserved between inertial frames. \optional_details{Reading the metric from the interval coefficients}{Write the coordinate vector as \(x^\mu=(ct,x,y,z)\). A diagonal metric gives \(\eta_{\mu\nu}x^\mu x^\nu=\eta_{00}(ct)^2+\eta_{11}x^2+\eta_{22}y^2+\eta_{33}z^2\) when the off-diagonal terms are zero. Matching this with \(c^2t^2-x^2-y^2-z^2\) forces \(\eta_{00}=1\) and \(\eta_{11}=\eta_{22}=\eta_{33}=-1\). This is all that is meant by reading the metric from the interval.} \optional_details{Why \(\Lambda^T\eta\Lambda=\eta\) expresses invariance}{This equation is the algebraic version of 'the interval is unchanged', not an extra law of motion. In matrix notation the interval is \(s^2=x^T\eta x\). If a Lorentz transformation sends \(x\) to \(x'=\Lambda x\), then the transformed interval is \(s'^2=(\Lambda x)^T\eta(\Lambda x)=x^T\Lambda^T\eta\Lambda x\). For this to equal \(x^T\eta x\) for every vector \(x\), the matrix between the two \(x\)'s must be the same, so \(\Lambda^T\eta\Lambda=\eta\).}"
sr.metric_tensor.explanation,sr.metric_tensor,30,explanation,,Explanation,"The metric is the measuring rule for spacetime. It is easy to think of it as just a matrix full of signs, but those signs are doing real conceptual work. They say that time contributes oppositely to space when forming invariant squares. Once you accept that rule, many formulas stop being arbitrary: lowering an index flips spatial signs, scalar products become frame-independent, and \(\Box=\partial_\mu\partial^\mu\) gets its time-minus-space form. A good habit is to ask, 'What is being contracted with the metric here?' That often reveals the invariant meaning behind the notation. \optional_details{What off-diagonal metric components would mean}{In the standard inertial coordinates used for special relativity, the Minkowski metric is diagonal, so there are no cross terms such as \(dt\,dx\) in the interval. In more general coordinate systems, off-diagonal metric components can appear because the coordinate axes are not orthogonal in the metric sense. In general relativity the metric can also vary from place to place, encoding spacetime curvature.}"
sr.light_cone.definition,sr.light_cone,10,definition,,Definition,"The light cone of an event is the set of spacetime directions for which the \cref{Spacetime interval}{sr.spacetime_interval} is zero. It separates timelike directions, which can be followed by massive particles, from spacelike directions, which cannot be connected by causal signals moving at or below \(c\)."
sr.light_cone.derivation,sr.light_cone,20,derivation,,Derivation,"The light cone is derived by setting the interval from a chosen event to zero: \[ \Delta s^2=c^2\Delta t^2-\Delta x^2-\Delta y^2-\Delta z^2=0. \] Equivalently, \[ |\Delta \mathbf x|=c|\Delta t|. \] This condition is built from the \cref{Spacetime interval}{sr.spacetime_interval}, so it is preserved by \cref{Lorentz transformations}{sr.lorentz_transformations}. The future half has \(\Delta t>0\); the past half has \(\Delta t<0\). \optional_details{Solving the null interval condition}{Set \(\Delta s^2=0\). Then \(c^2\Delta t^2=\Delta x^2+\Delta y^2+\Delta z^2=|\Delta\mathbf x|^2\), so \(|\Delta\mathbf x|=c|\Delta t|\). This is the equation for signals moving exactly at speed \(c\) away from, or toward, the chosen event.} \optional_details{Why the light cone is frame-invariant}{The light cone is defined by the invariant equation \(\Delta s^2=0\). Lorentz transformations preserve \(\Delta s^2\), so a separation that is null in one inertial frame is null in every inertial frame. The coordinates of the events change, but the event remains on the cone rather than moving inside or outside it.}"
sr.light_cone.explanation,sr.light_cone,30,explanation,,Explanation,"The light cone is the causal map drawn from one event. Inside the future cone are events that could be influenced by a slower-than-light signal from the starting event. On the cone are events reached by light. Outside are spacelike-separated events, where any influence would need to outrun light. The useful part is that all inertial observers agree on this classification even if they draw different time and space axes. In a one-space-one-time diagram the cone boundary is shown by \(x=\pm ct\); in real space it is an expanding sphere of light."
sr.minkowski_diagram.definition,sr.minkowski_diagram,10,definition,,Definition,"A Minkowski diagram is a spacetime diagram that represents events, worldlines, light cones, and Lorentz-transformed axes in a reduced number of dimensions, usually one space axis and one time axis."
sr.minkowski_diagram.derivation,sr.minkowski_diagram,20,derivation,,Derivation,"A Minkowski diagram is constructed from \cref{Spacetime events}{sr.spacetime_event} by plotting one spatial coordinate against \(ct\). The null directions are obtained from the \cref{Light cone}{sr.light_cone}: \(x=\pm ct\). Axes for a moving inertial frame are then drawn using the \cref{Lorentz transformations}{sr.lorentz_transformations}; the \(ct'\)-axis is the worldline \(x=vt\), and the \(x'\)-axis is the line of simultaneity \(t'=0\). \optional_details{Deriving the tilted \(ct'\) and \(x'\) axes}{The \(ct'\)-axis is the set of events with \(x'=0\). Using \(x'=\gamma(x-vt)\), this gives \(x=vt\), the worldline of the moving origin. The \(x'\)-axis is the set of events simultaneous in the primed frame, so \(t'=0\). From \(ct'=\gamma(ct-\beta x)\), this gives \(ct=\beta x\), a tilted simultaneity line.} \optional_details{Why light rays stay at 45 degrees}{In a diagram whose vertical coordinate is \(ct\) and horizontal coordinate is \(x\), light satisfies \(x=\pm ct\). That gives slopes \(\pm 1\), conventionally drawn as 45-degree lines when the axes use the same scale. Lorentz transformations preserve null directions, so light rays are still \(x'=\pm ct'\) in the primed coordinates.}"
sr.minkowski_diagram.explanation,sr.minkowski_diagram,30,explanation,,Explanation,"A Minkowski diagram is not ordinary graph paper with a time label attached. It is a visual aid for spacetime geometry, where vertical and horizontal distances on the page are not the invariant quantity. Its value is that it makes frame dependence visible: light rays form fixed 45-degree reference lines, massive particles have steeper timelike worldlines, and a moving observer's axes tilt. For example, the \(ct'\)-axis is the path of the moving origin, while the \(x'\)-axis shows that observer's line of simultaneity. This makes relativity of simultaneity much easier to see than to memorize."
sr.proper_time.definition,sr.proper_time,10,definition,,Definition,Proper time \(\tau\) is the invariant time measured by a clock moving along a timelike worldline. It is obtained from the \cref{Spacetime interval}{sr.spacetime_interval} along that worldline and is the natural parameter for relativistic particle motion.
sr.proper_time.derivation,sr.proper_time,20,derivation,,Derivation,"For a timelike displacement, the interval satisfies \(ds^2>0\). Proper time is defined by \[ ds^2=c^2d\tau^2. \] Using \(ds^2=c^2dt^2-d\mathbf x^2\), this gives \[ d\tau=dt\sqrt{1-\frac{v^2}{c^2}}=\frac{dt}{\gamma}. \] Because it is built from the invariant \cref{Spacetime interval}{sr.spacetime_interval}, proper time has the same value for all observers of the same worldline segment. \optional_details{From \(ds^2\) to \(d\tau=dt/\gamma\)}{For a particle moving with ordinary velocity \(v=|d\mathbf x|/dt\), substitute \(d\mathbf x^2=v^2dt^2\) into \(ds^2=c^2dt^2-d\mathbf x^2\). This gives \(ds^2=c^2dt^2(1-v^2/c^2)\). Since \(ds^2=c^2d\tau^2\), divide by \(c^2\) and take the positive square root along a future-directed worldline: \(d\tau=dt\sqrt{1-v^2/c^2}=dt/\gamma\).} \optional_details{Why proper time is observer-independent}{Proper time is defined from \(ds^2\), and \(ds^2\) is invariant. Different observers may assign different coordinate times \(dt\) and distances \(d\mathbf x\) to the same small segment of the worldline. But when they combine those quantities as \(c^2dt^2-d\mathbf x^2\), they get the same \(c^2d\tau^2\).}"
sr.proper_time.explanation,sr.proper_time,30,explanation,,Explanation,"Proper time is the time carried by the clock travelling along the path. Coordinate time belongs to a chosen frame; proper time belongs to the worldline itself. That is why two reunited clocks can show different elapsed times: they followed different paths through spacetime. The formula \(d\tau=dt/\gamma\) for constant speed is not saying the moving clock is faulty. It is saying the spacetime length of that path is different. This is not merely a delay in seeing a distant clock; the different elapsed proper times remain after signal travel times have been corrected. Lightlike paths are the limiting case: the interval is zero, so no proper time elapses along a light ray."
sr.four_vectors.definition,sr.four_vectors,10,definition,,Definition,A four-vector is an object with four components that transform under \cref{Lorentz transformations}{sr.lorentz_transformations} in the same way as spacetime displacement components. Four-vectors provide the standard language for writing relativistic quantities independently of a particular inertial frame.
sr.four_vectors.derivation,sr.four_vectors,20,derivation,,Derivation,"The concept is abstracted from the transformation law of the coordinate displacement \(\Delta x^\mu\). If \(\Delta x'^\mu=\Lambda^\mu{}_{\nu}\,\Delta x^\nu\), where \(\Lambda^\mu{}_{\nu}\) are the components of the Lorentz transformation matrix, then any object \(A^\mu\) satisfying \[ A'^\mu=\Lambda^\mu{}_{\nu}\,A^\nu \] is called a four-vector. The \cref{Metric tensor}{sr.metric_tensor} then defines invariant scalar products, \[ A_\mu B^\mu=\eta_{\mu\nu}A^\mu B^\nu. \] For example, \(\Delta x_\mu\Delta x^\mu\) is the spacetime interval and \(p_\mu p^\mu=m^2c^2\) is the invariant square of four-momentum. \optional_details{Checking that \(A_\mu B^\mu\) is invariant}{Lower one index with the metric: \(A_\mu=\eta_{\mu\nu}A^\nu\). Then \(A_\mu B^\mu=A^T\eta B\) in matrix language. Under a Lorentz transformation this becomes \((\Lambda A)^T\eta(\Lambda B)=A^T\Lambda^T\eta\Lambda B\). Since \(\Lambda^T\eta\Lambda=\eta\), the scalar product is unchanged.} \optional_details{Components change, the four-vector does not}{A four-vector is a geometric object; its components are its description in a chosen inertial frame. When we change frames, the numbers \(A^0,A^1,A^2,A^3\) generally mix. The transformation law tells us how to update the components so that they still describe the same underlying spacetime object.}"
sr.four_vectors.explanation,sr.four_vectors,30,explanation,,Explanation,"A four-vector is one object seen through different coordinate frames. The components may change, but they change together according to a strict rule, and contractions such as \(A_\mu B^\mu\) remain invariant. This is the same idea as ordinary vectors under rotations, except Lorentz transformations mix time and space with the Minkowski metric. Try not to picture four independent numbers sitting in a list. Picture a single spacetime arrow or physical quantity whose components depend on the observer. Position, velocity, momentum, current, and potential all use this pattern."
sr.position_four_vector.definition,sr.position_four_vector,10,definition,,Definition,"The position four-vector packages the coordinates of a \cref{Spacetime event}{sr.spacetime_event} into \[ x^\mu=(ct,x,y,z). \] It is the prototype \cref{Four-vectors}{sr.four_vectors} object in special relativity."
sr.position_four_vector.derivation,sr.position_four_vector,20,derivation,,Derivation,"Starting with an event described in an inertial frame by time \(t\) and position \((x,y,z)\), multiply the time coordinate by \(c\) so all components have dimensions of length. This gives \[ x^\mu=(ct,x,y,z). \] Under \cref{Lorentz transformations}{sr.lorentz_transformations}, these components transform linearly as a four-vector. Differences \(\Delta x^\mu\) between two such position four-vectors are then contracted with the \cref{Metric tensor}{sr.metric_tensor} to obtain the \cref{Spacetime interval}{sr.spacetime_interval}. \optional_details{Why use \(ct\) as the time component}{The spatial coordinates \(x,y,z\) have dimensions of length. Multiplying time by \(c\) gives \(ct\), also a length, so all four components can be compared and combined in the interval. It also makes light rays in one spatial dimension satisfy the simple relation \(x=\pm ct\).} \optional_details{Why intervals use differences between events}{A single coordinate value depends on where the observer chooses the origin. Physics should not depend on that arbitrary choice. The separation \(\Delta x^\mu=x_2^\mu-x_1^\mu\) between two events removes the origin choice and is the object whose invariant norm gives the spacetime interval.}"
sr.position_four_vector.explanation,sr.position_four_vector,30,explanation,,Explanation,"The position four-vector packages the coordinates of an event as \(x^\mu=(ct,x,y,z)\). The factor \(c\) is there so the time component has units of length, matching the spatial components. The vector from the origin to one event depends on where you choose the origin, but differences between position four-vectors describe separations between events, and those separations have invariant intervals. In a diagram, the arrow to an event is a useful picture, but the deeper lesson is that time and space coordinates are components of one Lorentz-transforming object."
sr.velocity_four_vector.definition,sr.velocity_four_vector,10,definition,,Definition,"The velocity four-vector is the derivative of the \cref{Position four-vector}{sr.position_four_vector} with respect to \cref{Proper time}{sr.proper_time}: \[ U^\mu=\frac{dx^\mu}{d\tau}. \] Since \(x^\mu\) is a four-vector and \(d\tau\) is invariant, this derivative also transforms as a four-vector. It has invariant magnitude \(U^\mu U_\mu=c^2\)."
sr.velocity_four_vector.derivation,sr.velocity_four_vector,20,derivation,,Derivation,"Differentiate the position four-vector \(x^\mu=(ct,\mathbf x)\) with respect to the invariant parameter \(\tau\). Since \(dt/d\tau=\gamma\), \[ U^\mu=\frac{dx^\mu}{d\tau}=\gamma(c,\mathbf v). \] Using the \(+---\) metric, \[ U^\mu U_\mu=\gamma^2(c^2-v^2)=c^2. \] Thus the construction depends directly on both the \cref{Position four-vector}{sr.position_four_vector} and \cref{Proper time}{sr.proper_time}. \optional_details{Why differentiate with respect to proper time}{If we differentiated \(x^\mu\) with respect to coordinate time \(t\), the result would depend on which inertial frame supplied that \(t\). Proper time \(\tau\) is measured along the particle worldline and is invariant. Therefore \(dx^\mu/d\tau\) transforms as a four-vector, while \((c,d\mathbf x/dt)\) by itself does not have the right transformation law.} \optional_details{Checking \(U^\mu U_\mu=c^2\)}{Use \(U^\mu=\gamma(c,\mathbf v)\). With the \(+---\) metric, \(U^\mu U_\mu=\gamma^2c^2-\gamma^2v^2=\gamma^2(c^2-v^2)\). Since \(\gamma^2=1/(1-v^2/c^2)=c^2/(c^2-v^2)\), the product is \(c^2\). This fixed norm is why four-velocity is not just an arbitrary four-vector.}"
sr.velocity_four_vector.explanation,sr.velocity_four_vector,30,explanation,,Explanation,"Ordinary velocity \(\mathbf v=d\mathbf x/dt\) is frame-dependent and its components do not form a four-vector by themselves. The trick is to differentiate position with respect to proper time, the time measured along the particle's own path. That gives \(U^\mu=\gamma(c,\mathbf v)\). The extra \(\gamma\) is not a random correction; it converts coordinate-time change into proper-time change. A particle at rest still has \(U^\mu=(c,0,0,0)\), because it is moving through time. The invariant norm \(U_\mu U^\mu=c^2\) is a useful sign check."
sr.momentum_four_vector.definition,sr.momentum_four_vector,10,definition,,Definition,"The momentum four-vector combines relativistic energy and three-momentum into \[ p^\mu=mU^\mu=(E/c,\mathbf p). \] Its invariant square is \(p^\mu p_\mu=m^2c^2\), equivalent to the energy-momentum relation."
sr.momentum_four_vector.derivation,sr.momentum_four_vector,20,derivation,,Derivation,"For a massive particle, multiply the \cref{Velocity four-vector}{sr.velocity_four_vector} by the invariant mass \(m\): \[ p^\mu=mU^\mu=m\gamma(c,\mathbf v). \] Identifying \(E=\gamma mc^2\) and \(\mathbf p=\gamma m\mathbf v\) gives \[ p^\mu=(E/c,\mathbf p). \] Because \(U^\mu U_\mu=c^2\), multiplying by \(m\) gives \[ p^\mu p_\mu=m^2U^\mu U_\mu=m^2c^2. \] Written in components with the \cref{Metric tensor}{sr.metric_tensor}, this same invariant norm is \[ p^\mu p_\mu=\frac{E^2}{c^2}-\mathbf p^2=m^2c^2, \] or \[ E^2=\mathbf p^2c^2+m^2c^4. \] \optional_details{Why \(p^0=E/c\)}{The four-momentum is \(p^\mu=mU^\mu=\gamma m(c,\mathbf v)\). Its time component is \(\gamma mc\), while relativistic energy is \(E=\gamma mc^2\). Therefore \(p^0=\gamma mc=E/c\), which gives the compact notation \(p^\mu=(E/c,\mathbf p)\).} \optional_details{Deriving \(E^2=\mathbf p^2c^2+m^2c^4\)}{Start with the invariant norm \(p^\mu p_\mu=m^2c^2\). Using \(p^\mu=(E/c,\mathbf p)\), this norm is \(E^2/c^2-\mathbf p^2\). Set these equal: \(E^2/c^2-\mathbf p^2=m^2c^2\). Multiplying by \(c^2\) gives \(E^2=\mathbf p^2c^2+m^2c^4\).}"
sr.momentum_four_vector.explanation,sr.momentum_four_vector,30,explanation,,Explanation,"Four-momentum is where energy and momentum stop being separate bookkeeping columns and become one relativistic object. One observer may say a particle has more energy and more spatial momentum than another observer does, but both are describing the same four-vector. In the rest frame the spatial momentum is zero, yet the time component remains \(mc\), corresponding to rest energy. In a moving frame, \(p^\mu=(\gamma mc,\gamma m\mathbf v)\). The invariant square stays \(m^2c^2\), which is why the energy-momentum relation is more fundamental than any one observer's measured energy."
sr.mass_energy_equivalence.definition,sr.mass_energy_equivalence,10,definition,,Definition,"Mass-energy equivalence is the statement that the rest energy of a massive body is \[ E_0=mc^2. \] More generally, it is the zero-momentum limit of the relativistic energy-momentum relation \[ E^2=\mathbf p^2c^2+m^2c^4. \]"
sr.mass_energy_equivalence.derivation,sr.mass_energy_equivalence,20,derivation,,Derivation,"Start with the \cref{Momentum four-vector}{sr.momentum_four_vector}, written \(p^\mu=(E/c,\mathbf p)\). Its invariant square is computed with the \cref{Metric tensor}{sr.metric_tensor}: \[ p_\mu p^\mu=\frac{E^2}{c^2}-\mathbf p^2. \] For a particle of invariant mass \(m\), this norm is \(m^2c^2\) because \(p^\mu=mU^\mu\) and \(U^\mu U_\mu=c^2\), so \[ \frac{E^2}{c^2}-\mathbf p^2=m^2c^2. \] Multiplying by \(c^2\) gives \[ E^2=\mathbf p^2c^2+m^2c^4. \] In the rest frame, \(\mathbf p=0\), and therefore \[ E_0=mc^2. \] \optional_details{Why the rest frame has \(\mathbf p=0\)}{The rest frame of a massive particle is the inertial frame in which the particle is momentarily not moving. In that frame \(\mathbf v=0\), so \(\mathbf p=\gamma m\mathbf v=0\). Substituting \(\mathbf p=0\) into \(E^2=\mathbf p^2c^2+m^2c^4\) leaves \(E^2=m^2c^4\).} \optional_details{Taking the positive energy root}{The equation \(E^2=m^2c^4\) has two algebraic roots, \(E=\pm mc^2\). For an ordinary massive particle at rest, the physical energy is positive and agrees with the low-speed limit of relativistic mechanics. Thus the rest energy is written \(E_0=mc^2\).}"
sr.mass_energy_equivalence.explanation,sr.mass_energy_equivalence,30,explanation,,Explanation,"The famous equation is easy to remember and surprisingly easy to misunderstand. It is best read as a statement about rest energy: even when a body's ordinary momentum is zero, its four-momentum has a nonzero time component. The full relation is \(E^2=\mathbf p^2c^2+m^2c^4\). Setting \(\mathbf p=0\) gives \(E_0=mc^2\). So mass is not being magically converted into an unrelated substance called energy; mass is the invariant measure of a system's total energy-momentum. If a bound system loses internal energy, its invariant mass decreases by \(\Delta E/c^2\)."
sr.action_principle.definition,sr.action_principle,10,definition,,Definition,"The action principle states that the physical history of a system makes the action stationary under small allowed variations. For particle mechanics, the action is usually \[ S=\int L(q,\dot q,t)\,dt, \] where \(L\) is the \cref{Lagrangian}{sr.lagrangian}."
sr.action_principle.derivation,sr.action_principle,20,derivation,,Derivation,"The action principle is a principle rather than a result derived from another concept in this graph. Its mathematical content is the stationarity condition \[ \delta S=0. \] Once an action is chosen, this condition produces equations of motion. In relativistic mechanics the action is chosen to be a scalar, often built from invariant quantities such as \cref{Proper time}{sr.proper_time} or contractions of \cref{Four-vectors}{sr.four_vectors}, so that the resulting dynamics respect \cref{Lorentz transformations}{sr.lorentz_transformations}. \optional_details{What \(\delta S=0\) means}{Imagine comparing the physical path with nearby trial paths that have the same endpoints. Each path gives a number \(S\), the action. The condition \(\delta S=0\) means that the first-order change in \(S\) vanishes for every small allowed change of the path. It does not mean the action is zero; it means the physical path is stationary with respect to small variations.} \optional_details{Why a relativistic action should be a scalar}{All inertial observers should agree on which history is physical. If the action changed its value in an uncontrolled way between frames, the stationarity condition might select different equations of motion. Building \(S\) from Lorentz scalars makes \(\delta S=0\) a frame-independent statement.}"
sr.action_principle.explanation,sr.action_principle,30,explanation,,Explanation,"The action principle can feel abstract because it talks about whole histories rather than instant-by-instant forces. The idea is to compare nearby possible paths between the same endpoints and ask which path makes the action stationary. 'Stationary' does not always mean shortest; it means the first-order change vanishes under small variations. This is like standing at the top of a hill or bottom of a valley: tiny moves do not change height to first order. From this global-sounding rule, local equations of motion emerge. That is why it becomes such a powerful bridge to fields."
sr.lagrangian.definition,sr.lagrangian,10,definition,,Definition,"A Lagrangian \(L\) is a function of generalized coordinates, velocities, and possibly time that is integrated to form the action. For particle mechanics, \[ S=\int L(q,\dot q,t)\,dt. \]"
sr.lagrangian.derivation,sr.lagrangian,20,derivation,,Derivation,"The Lagrangian is not derived from a universal formula; it is chosen to encode the physical assumptions of the system. Once inserted into the \cref{Action principle}{sr.action_principle}, it determines the equations of motion through the \cref{Euler-Lagrange equations}{sr.euler_lagrange_equations}. In relativistic systems the allowed building blocks are constrained by Lorentz covariance: one builds \(L\), or the action directly, from invariant quantities such as the \cref{Spacetime interval}{sr.spacetime_interval}, \cref{Proper time}{sr.proper_time}, or scalar contractions of \cref{Four-vectors}{sr.four_vectors}. \optional_details{Why Lagrangians are chosen, not mechanically derived}{A Lagrangian is a compact encoding of physical assumptions: what variables describe the system, what symmetries it has, and what interactions are allowed. There is no universal formula that produces it from nothing. Once a proposed \(L\) is chosen, the action principle tests it by producing equations of motion, which can then be compared with known physics.} \optional_details{How Lorentz covariance restricts allowed terms}{A relativistic action should have the same value for all inertial observers. This strongly limits the pieces from which it can be built: scalars such as \(d\tau\), \(A_\mu dx^\mu\), or contractions like \(F_{\mu\nu}F^{\mu\nu}\) are allowed because they are invariant. A term that singles out one inertial frame would generally violate Lorentz covariance.}"
sr.lagrangian.explanation,sr.lagrangian,30,explanation,,Explanation,"The Lagrangian is the local ingredient whose accumulated value gives the action. In simple mechanics it is often \(T-V\), but the deeper idea is not that particular formula. The Lagrangian is a compact rule that tells the variational principle what kind of motion is allowed. If you know \(L\), you can form \(S=\int L\,dt\), vary the path, and derive equations of motion. For relativistic systems, the Lagrangian must be built from quantities that make sense across inertial frames. That is why invariant intervals, four-vectors, and later field densities enter the story."
sr.euler_lagrange_equations.definition,sr.euler_lagrange_equations,10,definition,,Definition,"The Euler-Lagrange equations are the equations of motion obtained by applying the \cref{Action principle}{sr.action_principle} to a chosen \cref{Lagrangian}{sr.lagrangian}. For one coordinate, \[ \frac{d}{dt}\left(\frac{\partial L}{\partial\dot q}\right)-\frac{\partial L}{\partial q}=0. \]"
sr.euler_lagrange_equations.derivation,sr.euler_lagrange_equations,20,derivation,,Derivation,"Start with the \cref{Action principle}{sr.action_principle} in the form \(S=\int_{t_1}^{t_2}L(q,\dot q,t)\,dt\) and vary the path \(q(t)\rightarrow q(t)+\delta q(t)\), holding the endpoints fixed. The first variation is \[ \delta S=\int_{t_1}^{t_2}\left(\frac{\partial L}{\partial q}\delta q+\frac{\partial L}{\partial\dot q}\delta\dot q\right)dt. \] Integrating the second term by parts and using \(\delta q(t_1)=\delta q(t_2)=0\) gives \[ \delta S=\int_{t_1}^{t_2}\left(\frac{\partial L}{\partial q}-\frac{d}{dt}\frac{\partial L}{\partial\dot q}\right)\delta q\,dt. \] Since this must vanish for arbitrary \(\delta q\), the Euler-Lagrange equation follows. \optional_details{The integration-by-parts step}{The awkward term is \(\int (\partial L/\partial\dot q)\delta\dot q\,dt\). Since \(\delta\dot q=d(\delta q)/dt\), integrate by parts: \[ \int u\frac{d(\delta q)}{dt}dt=\left[u\delta q\right]_{t_1}^{t_2}-\int \frac{du}{dt}\delta q\,dt, \] with \(u=\partial L/\partial\dot q\). The boundary term vanishes because the endpoint variations are fixed to zero.} \optional_details{Why arbitrary \(\delta q\) forces the bracket to vanish}{After integration by parts, \(\delta S\) has the form \(\int f(t)\delta q(t)dt\). The variation \(\delta q(t)\) can be chosen independently in any small interval between the endpoints. The only way the integral can vanish for every such choice is for \(f(t)=0\) at every time. That condition is the Euler-Lagrange equation.}"
sr.euler_lagrange_equations.explanation,sr.euler_lagrange_equations,30,explanation,,Explanation,"Euler-Lagrange equations are what the action principle looks like after the variation has been done. The intimidating derivative expression is really a balance statement: changes in how \(L\) depends on position are balanced against changes in how \(L\) depends on velocity. For a familiar example, using \(L=\tfrac12m\dot x^2-V(x)\) gives \(m\ddot x=-dV/dx\), Newton's law in disguise. The power of the formula is that the same pattern works for generalized coordinates and, with suitable modification, for fields."
sr.hamiltonian_formalism.definition,sr.hamiltonian_formalism,10,definition,,Definition,"Hamiltonian formalism rewrites dynamics in terms of coordinates and canonical momenta rather than coordinates and velocities. The starting data are a Lagrangian \(L(q,\dot q,t)\) and the canonical momentum relation \(p=\partial L/\partial\dot q\). When that relation can be inverted to express \(\dot q\) in terms of \(q,p,t\), the derived Hamiltonian is \[ H(q,p,t)=p\dot q-L. \]"
sr.hamiltonian_formalism.derivation,sr.hamiltonian_formalism,20,derivation,,Derivation,"Starting from a chosen \cref{Lagrangian}{sr.lagrangian} with variables \(q,\dot q,t\), define the derived \cref{Canonical momentum}{sr.canonical_momentum} \[ p=\frac{\partial L}{\partial\dot q}. \] If this relation can be solved for \(\dot q\) in terms of \(q\), \(p\), and \(t\), perform the Legendre transform \[ H(q,p,t)=p\dot q-L(q,\dot q,t). \] At this point \(q\) and \(p\) are treated as the independent phase-space variables; \(\dot q\) is the velocity already expressed in terms of them. Differentiating \(H\) gives Hamilton's equations, \[ \dot q=\frac{\partial H}{\partial p}, \qquad \dot p=-\frac{\partial H}{\partial q}. \] Thus the formalism is derived from the Lagrangian formulation plus the canonical momentum construction. \optional_details{When the Legendre transform is valid}{The Legendre transform requires solving \(p=\partial L/\partial\dot q\) for \(\dot q\). This is possible when the velocity dependence is non-degenerate, meaning roughly that different velocities give different canonical momenta. If the relation cannot be inverted, constraints appear and the Hamiltonian formalism needs extra care.} \optional_details{Differentiating \(H=p\dot q-L\) to get Hamilton's equations}{Treat \(\dot q\) as the velocity expressed in terms of \(q,p,t\). Then \(dH=p\,d\dot q+\dot q\,dp-(\partial L/\partial q)dq-(\partial L/\partial\dot q)d\dot q\). Since \(p=\partial L/\partial\dot q\), the \(d\dot q\) terms cancel. What remains is \(dH=\dot q\,dp-(\partial L/\partial q)dq\), so \(\partial H/\partial p=\dot q\) and \(\partial H/\partial q=-\dot p\).}"
sr.hamiltonian_formalism.explanation,sr.hamiltonian_formalism,30,explanation,,Explanation,"Hamiltonian formalism reorganizes the same dynamics into phase space, where coordinates and momenta are treated as paired variables. The Hamiltonian often corresponds to energy, but conceptually it is the generator of time evolution in this phase-space description. The move from Lagrangian to Hamiltonian is a Legendre transform: replace velocity dependence with momentum dependence. This is useful because many conservation laws and symmetry structures become especially clear. For a free particle the Hamiltonian tracks energy; for constrained or gauge systems it can be subtler, so it should not be treated as merely a synonym for energy."
sr.canonical_momentum.definition,sr.canonical_momentum,10,definition,,Definition,"Canonical momentum is the momentum conjugate to a coordinate in the Lagrangian formulation. For a coordinate \(q\), \[ p=\frac{\partial L}{\partial\dot q}. \]"
sr.canonical_momentum.derivation,sr.canonical_momentum,20,derivation,,Derivation,"Canonical momentum is derived from the velocity dependence of the \cref{Lagrangian}{sr.lagrangian}. When the action is varied, the coefficient of \(\delta\dot q\) is \(\partial L/\partial\dot q\). This quantity is therefore the natural variable paired with \(q\), and it is the object used in the Legendre transform leading to \cref{Hamiltonian formalism}{sr.hamiltonian_formalism}. \optional_details{How \(\partial L/\partial\dot q\) appears in the variation}{When the path is varied, both \(q\) and \(\dot q\) change. The first-order change in the Lagrangian is \(\delta L=(\partial L/\partial q)\delta q+(\partial L/\partial\dot q)\delta\dot q\). The coefficient of the velocity variation is therefore \(\partial L/\partial\dot q\), which is why that expression is singled out as the momentum conjugate to \(q\).} \optional_details{Why canonical momentum need not equal \(m\mathbf v\)}{Canonical momentum is defined by the Lagrangian, not by the Newtonian formula. For example, if the Lagrangian contains an interaction term involving velocity, then \(\partial L/\partial\dot q\) includes contributions from that interaction. Thus canonical momentum is the variable naturally paired with \(q\) in the action, even when it differs from mechanical momentum.}"
sr.canonical_momentum.explanation,sr.canonical_momentum,30,explanation,,Explanation,"Canonical momentum is the momentum that belongs to the Lagrangian coordinate system. In simple cases it equals mechanical momentum, so it is tempting to identify the two. Electromagnetism shows why that is too quick. When a charged particle couples to a vector potential, the canonical momentum includes potential-dependent terms, while the mechanical momentum describes the particle's actual motion. The definition \(p=\partial L/\partial\dot q\) is therefore not just a fancy way to write \(mv\); it tells you which momentum is paired with \(q\) in Hamiltonian mechanics."
sr.noether_theorem.definition,sr.noether_theorem,10,definition,,Definition,"Noether's theorem states that every continuous symmetry of the action corresponds to a conserved quantity. It links symmetries in the \cref{Action principle}{sr.action_principle} to conservation laws such as energy, momentum, angular momentum, and charge."
sr.noether_theorem.derivation,sr.noether_theorem,20,derivation,,Derivation,"The theorem follows from the stationarity of the action in the \cref{Action principle}{sr.action_principle}. Suppose a continuous transformation changes the dynamical variables by an infinitesimal amount and leaves the action unchanged, up to possible boundary terms. Applying \(\delta S=0\) and using the equations of motion leaves a total derivative, which identifies a conserved current or conserved quantity. For time translations the conserved quantity is energy; for spatial translations it is momentum. In field theory, spacetime translations lead to the \cref{Energy--momentum tensor}{sr.energy_momentum_tensor}. \optional_details{From symmetry to a total derivative}{A continuous symmetry changes the variables in a way that leaves the action unchanged, possibly except for a boundary term. When the action is varied under that symmetry, the equations of motion remove the bulk terms. What is left is a total derivative, \(dQ/dt=0\) in mechanics or \(\partial_\mu J^\mu=0\) in field theory. That object \(Q\) or \(J^\mu\) is the conserved quantity or current.} \optional_details{Time and space translations as examples}{If shifting the time origin does not change the action, Noether's theorem gives conservation of energy. If shifting the spatial origin does not change the action, it gives conservation of momentum. These examples show the basic pattern: a continuous redundancy in description corresponds to a quantity that cannot change during the motion.}"
sr.noether_theorem.explanation,sr.noether_theorem,30,explanation,,Explanation,"Noether's theorem is one of the best organizing ideas in physics: a continuous symmetry gives a conservation law. If the action does not change when you shift every position by the same small amount, momentum is conserved. If it does not change when you shift the time origin, energy is conserved. The theorem is not saying conservation is a coincidence; it explains where conservation laws come from. For example, in a translation-invariant system, nudging the whole experiment sideways should not change the physics, and that symmetry is what lies behind conservation of momentum."
sr.scalar_field.definition,sr.scalar_field,10,definition,,Definition,A scalar field assigns a single value \(\phi(x)\) to every \cref{Spacetime event}{sr.spacetime_event}. Its defining relativistic property is that the value at an event is invariant under \cref{Lorentz transformations}{sr.lorentz_transformations}: observers relabel the event but do not transform \(\phi\) into components.
sr.scalar_field.derivation,sr.scalar_field,20,derivation,,Derivation,"A scalar field is a definition rather than a quantity derived from another field. Starting with spacetime points \(x\), assign one number \(\phi(x)\) to each point. Under a Lorentz transformation \(x\rightarrow x'\), the scalar transformation law is \[ \phi'(x')=\phi(x). \] This contrasts with \cref{Four-vectors}{sr.four_vectors}, whose components mix between frames. \optional_details{Active versus passive scalar transformations}{The formula \(\phi'(x')=\phi(x)\) describes a passive change of coordinates: the same spacetime point is labelled by \(x\) in one frame and \(x'\) in another. A scalar field assigns the same value to that physical point. This is different from actively changing the physical field configuration itself.} \optional_details{Why a scalar field is not necessarily constant}{Scalar means the field value at a given event is frame-independent. It does not mean the field has the same value at every event. A temperature field in ordinary space is a useful analogy: temperature is a scalar at each point, but it can still vary from place to place.}"
sr.scalar_field.explanation,sr.scalar_field,30,explanation,,Explanation,"A scalar field assigns one value to every spacetime point. Temperature in a room is a useful nonrelativistic analogy: at each location and time there is a number, not an arrow. In relativity the special feature is that the value of a scalar field at an event is observer-independent. Different observers may use different coordinates to label the event, but they agree on the scalar value there. This makes scalar fields the simplest examples for learning field theory: they have spacetime dependence and dynamics without the extra complication of vector or tensor components."
sr.vector_field.definition,sr.vector_field,10,definition,,Definition,"A vector field assigns a four-vector-like object to every spacetime event. Its components, written for example as \(A^\mu(x)\) or \(A_\mu(x)\), transform as a \cref{Four-vectors}{sr.four_vectors} under \cref{Lorentz transformations}{sr.lorentz_transformations}."
sr.vector_field.explanation,sr.vector_field,30,explanation,,Explanation,"A vector field attaches a vector-like object to every spacetime point. The electromagnetic vector potential is the main example here. The key is locality plus transformation: each event has its own components, and those components transform as a four-vector when observers change frames. It is different from drawing one big arrow in space. Better picture a spacetime grid with a small arrow anchored at each event, allowed to vary from event to event. This is the kind of object a local field equation can act on. Construction-wise, take the four-vector transformation law and apply it locally at every event. If \(A^\mu(x)\) is a vector field, then under a Lorentz transformation \[ A'^\mu(x')=\Lambda^\mu{}_{\nu}\,A^\nu(x). \] Thus a vector field is not four unrelated scalar fields; its components mix according to the same rule used for four-vectors. \optional_details{Why vector-field components mix at each event}{At each spacetime point, a vector field assigns a four-vector. When the observer changes inertial frame, that four-vector's components transform with \(\Lambda^\mu{}_{\nu}\). The same mixing happens independently at each event, while the argument of the field also changes from \(x\) to \(x'\).} \optional_details{Why this is not four unrelated scalar fields}{Four unrelated scalar fields would transform as \(B'_0(x')=B_0(x)\), \(B'_1(x')=B_1(x)\), and so on, with no mixing. A vector field instead has components that combine under boosts and rotations. That mixing is what makes the four components one geometric object rather than four separate scalar quantities.}"
sr.field_lagrangian.definition,sr.field_lagrangian,10,definition,,Definition,"A field Lagrangian is a local Lagrangian density \(\mathcal L\) built from fields and their spacetime derivatives. The field action is \[ S=\int \mathcal L\,d^4x, \] extending the \cref{Action principle}{sr.action_principle} from particle paths to fields over spacetime."
sr.field_lagrangian.derivation,sr.field_lagrangian,20,derivation,,Derivation,"The construction extends the \cref{Action principle}{sr.action_principle} from the particle action \(S=\int L\,dt\) to systems with degrees of freedom at every spacetime point. Locality motivates a density depending on field values and derivatives at the same event, for example \(\mathcal L(\phi_a,\partial_\mu\phi_a,x)\). Integrating that density over spacetime gives \[ S[\phi]=\int \mathcal L(\phi_a,\partial_\mu\phi_a,x)\,d^4x. \] Applying the variational method then produces \cref{Field equations}{sr.field_equations}. \optional_details{Why use a Lagrangian density}{A particle has finitely many coordinates, so its action can be written as \(S=\int L\,dt\). A field has degrees of freedom at every spacetime point, so the contribution to the action is spread over spacetime. The Lagrangian density \(\mathcal L\) is the local contribution per spacetime volume, and integrating \(\mathcal L\,d^4x\) adds all those local contributions.} \optional_details{Varying a field instead of a particle path}{For a particle, the variation changes a function \(q(t)\). For a field, the variation changes a function \(\phi(x)\) at every spacetime point: \(\phi(x)\to\phi(x)+\delta\phi(x)\). The endpoint condition becomes a boundary condition on the edge of the spacetime region, where \(\delta\phi\) is taken to vanish.}"
sr.field_lagrangian.explanation,sr.field_lagrangian,30,explanation,,Explanation,"A field Lagrangian is the field-theory version of the Lagrangian idea. Instead of assigning one \(L\) to a particle path at each time, we assign a density \(\mathcal L\) to every spacetime point and integrate over spacetime. This is why notation matters: \(L\) and \(\mathcal L\) are related but not the same kind of object. The density must be local, built from fields and their derivatives at the same event. Once you have \(\mathcal L\), varying the fields gives field equations, just as varying particle paths gives particle equations."
sr.field_equations.definition,sr.field_equations,10,definition,,Definition,"Field equations are differential equations that determine how a field varies across spacetime. In relativistic field theory they are usually obtained by applying a variational principle to a \cref{Field Lagrangian}{sr.field_lagrangian}, producing equations whose form is compatible with \cref{Lorentz transformations}{sr.lorentz_transformations}."
sr.field_equations.derivation,sr.field_equations,20,derivation,,Derivation,"For fields \(\phi_a(x)\), the action is written as an integral of a Lagrangian density, \[ S[\phi]=\int \mathcal L(\phi_a,\partial_\mu\phi_a,x)\,d^4x, \] where \(x^\mu=(ct,x,y,z)\) and the metric convention is \[ \eta_{\mu\nu}=\mathrm{diag}(1,-1,-1,-1). \] Applying the \cref{Euler-Lagrange equations}{sr.euler_lagrange_equations} to the action built from a \cref{Field Lagrangian}{sr.field_lagrangian} gives the field Euler-Lagrange equations: \[ \frac{\partial \mathcal L}{\partial \phi_a} - \partial_\mu\left(\frac{\partial \mathcal L}{\partial(\partial_\mu \phi_a)}\right)=0. \] Thus the ordinary generalized coordinates \(q(t)\) of particle mechanics are replaced by fields \(\phi_a(x)\), and ordinary time derivatives are replaced by spacetime derivatives \(\partial_\mu\). With the \(+---\) convention, \[ \Box=\partial_\mu\partial^\mu=\frac{1}{c^2}\frac{\partial^2}{\partial t^2}-\nabla^2, \] so wave-like relativistic field equations naturally contain this invariant operator. \optional_details{Deriving the field Euler-Lagrange equation}{Vary the action \(S=\int\mathcal L(\phi_a,\partial_\mu\phi_a,x)d^4x\). The first variation contains \((\partial\mathcal L/\partial\phi_a)\delta\phi_a\) and \((\partial\mathcal L/\partial(\partial_\mu\phi_a))\partial_\mu\delta\phi_a\). Integrating the second term by parts moves \(\partial_\mu\) onto its coefficient, and the boundary term vanishes. Since \(\delta\phi_a\) is arbitrary inside the region, the bracketed expression must vanish.} \optional_details{Raising derivatives and deriving \(\Box\)}{With coordinates \(x^\mu=(ct,x,y,z)\), the lower derivative is \(\partial_\mu=(\partial/(c\partial t),\nabla)\). Raising the index with the \(+---\) metric changes the signs of the spatial components: \(\partial^\mu=(\partial/(c\partial t),-\nabla)\). Therefore \(\partial_\mu\partial^\mu=(1/c^2)\partial^2/\partial t^2-\nabla^2\), which is the d'Alembertian \(\Box\).}"
sr.field_equations.explanation,sr.field_equations,30,explanation,,Explanation,"Field equations tell fields how to fit together from point to point. They are local differential equations: the field and its nearby changes at an event determine what is allowed there. This is the field analogue of Newton's equation of motion, but now the unknown is a function over spacetime rather than a particle coordinate. Maxwell's equations are the central example in this graph. They say how electromagnetic fields relate to sources and how disturbances propagate, all using local relations rather than instantaneous action across distance."
sr.vector_potential.definition,sr.vector_potential,10,definition,,Definition,"The vector potential \(A_\mu\) is the electromagnetic \cref{Vector field}{sr.vector_field} defined over spacetime from which the physical electromagnetic field is constructed. With the conventions used here, one may write \(A^\mu=(\phi/c,\mathbf A)\) and \(A_\mu=(\phi/c,-\mathbf A)\)."
sr.vector_potential.derivation,sr.vector_potential,20,derivation,,Derivation,"The vector potential is not derived from the field tensor; it is introduced as the potential variable whose spacetime derivatives generate the electromagnetic field. At each \cref{Spacetime event}{sr.spacetime_event}, it assigns four components transforming as a \cref{Vector field}{sr.vector_field}. The observable field is then obtained from the antisymmetric derivative \[ F_{\mu\nu}=\partial_\mu A_\nu-\partial_\nu A_\mu, \] which defines the \cref{Field tensor}{sr.field_tensor}. In a Lagrangian treatment, \(A_\mu\) is the field variable varied in the electromagnetic \cref{Field Lagrangian}{sr.field_lagrangian}. \optional_details{Why the antisymmetric derivative gives the field}{The expression \(\partial_\mu A_\nu-\partial_\nu A_\mu\) measures the curl-like part of the potential's spacetime variation. The antisymmetry removes pure-gradient changes of the potential, which is why gauge transformations do not change \(F_{\mu\nu}\). It also leaves exactly six independent components, matching the three electric and three magnetic components.} \optional_details{Why \(A_\mu\) is varied rather than \(\mathbf E,\mathbf B\)}{Using \(A_\mu\) automatically builds part of Maxwell's equations into the definition \(F_{\mu\nu}=\partial_\mu A_\nu-\partial_\nu A_\mu\). The potential is also the object that couples locally to charged particles through \(A_\mu dx^\mu\). Varying \(A_\mu\) therefore gives a compact covariant route to the sourced Maxwell equations.}"
sr.vector_potential.explanation,sr.vector_potential,30,explanation,,Explanation,The vector potential can be confusing because it is not directly the electric or magnetic field you first learn about. It is a more basic-looking object whose derivatives produce the field tensor. One reason it matters is that it fits naturally into relativistic and Lagrangian descriptions. Another is gauge freedom: different potentials can describe the same physical electromagnetic field. So do not think of \(A_\mu\) as just a computational trick or as directly observable in the same way as \(\mathbf E\) and \(\mathbf B\). Think of it as the local potential structure from which the field is built.
sr.field_tensor.definition,sr.field_tensor,10,definition,,Definition,The field tensor \(F_{\mu\nu}\) is the antisymmetric tensor that represents the electromagnetic field in covariant form. It is constructed from the \cref{Vector potential}{sr.vector_potential} by \[ F_{\mu\nu}=\partial_\mu A_\nu-\partial_\nu A_\mu. \]
sr.field_tensor.derivation,sr.field_tensor,20,derivation,,Derivation,"Starting from the \cref{Vector potential}{sr.vector_potential}, take the antisymmetric spacetime derivative \[ F_{\mu\nu}=\partial_\mu A_\nu-\partial_\nu A_\mu. \] The antisymmetry gives \(F_{\mu\nu}=-F_{\nu\mu}\), so in four dimensions there are six independent components. These components are identified, up to the conventional factors of \(c\) fixed by the choice of units, with the three components of the \cref{Electric field}{sr.electric_field} and the three components of the \cref{Magnetic field}{sr.magnetic_field}. Indices are raised and lowered with the \cref{Metric tensor}{sr.metric_tensor}. \optional_details{Counting the six independent components}{A four-by-four tensor has sixteen components. Antisymmetry says \(F_{\mu\nu}=-F_{\nu\mu}\), so the four diagonal components vanish because \(F_{\mu\mu}=-F_{\mu\mu}\). The off-diagonal components come in opposite pairs, leaving \(4\cdot3/2=6\) independent entries.} \optional_details{Mapping \(F_{\mu\nu}\) to \(\mathbf E\) and \(\mathbf B\)}{After choosing an inertial frame, the components with one time index, such as \(F_{0i}\), are identified with electric-field components up to convention-dependent signs and factors of \(c\). The purely spatial components \(F_{ij}\) are antisymmetric in three dimensions, so they can be encoded by the three components of \(\mathbf B\). Different sign conventions move minus signs around, but the six physical components are the same.}"
sr.field_tensor.explanation,sr.field_tensor,30,explanation,,Explanation,"The field tensor is the compact relativistic package for electromagnetism. Electric and magnetic fields can look like separate entities in three-vector notation, but in relativity they are frame-dependent components of one tensor. A change of inertial frame can mix what one observer calls electric with what another calls magnetic. The antisymmetry of \(F_{\mu\nu}\) is also doing work: it encodes the structure that leads to homogeneous Maxwell equations and gauge invariance. The tensor is the object behind the observer-dependent \(\mathbf E\)/\(\mathbf B\) split."
sr.electric_field.definition,sr.electric_field,10,definition,,Definition,The electric field is the frame-dependent part of the electromagnetic field that acts on a charge even when the charge is instantaneously at rest in a chosen \cref{Inertial frames}{sr.inertial_frames}. In relativistic notation it is read from the time-space components of the \cref{Field tensor}{sr.field_tensor}.
sr.electric_field.derivation,sr.electric_field,20,derivation,,Derivation,"Choose an inertial frame and decompose the \cref{Field tensor}{sr.field_tensor} into time-space and space-space components. The electric field comes from the time-space components, conventionally \(F_{0i}\) or \(F^{0i}\) up to factors and signs determined by the definitions of \(A^\mu\), \(A_\mu\), and \(c\). In three-vector potential language this gives \[ \mathbf E=-\nabla\phi-\frac{\partial\mathbf A}{\partial t}. \] \optional_details{Recovering \(\mathbf E=-\nabla\phi-\partial\mathbf A/\partial t\)}{Write the potential as a scalar potential \(\phi\) and vector potential \(\mathbf A\). The time-space components of \(F_{\mu\nu}=\partial_\mu A_\nu-\partial_\nu A_\mu\) combine a spatial derivative of \(\phi\) with a time derivative of \(\mathbf A\). With the common three-vector convention, this gives \(\mathbf E=-\nabla\phi-\partial\mathbf A/\partial t\).} \optional_details{Where sign and \(c\) conventions enter}{Different books choose different definitions for \(x^0\), \(A^0\), and whether they display covariant or contravariant components. For example, using \(x^0=ct\) introduces factors of \(c\) into \(\partial_0\), and lowering an index with the \(+---\) metric changes signs on spatial components. The physics is unchanged as long as one convention is used consistently.}"
sr.electric_field.explanation,sr.electric_field,30,explanation,,Explanation,"The electric field is the part of the electromagnetic field that shows up as force on a charge at rest in a chosen inertial frame. That phrase 'in a chosen frame' is important. Another observer moving relative to the charge may split the same electromagnetic field differently into electric and magnetic parts. In everyday examples, a positive source charge has outward electric field lines and a positive test charge feels a force along them. Relativistically, those familiar arrows are one frame's view of components inside the field tensor."
sr.magnetic_field.definition,sr.magnetic_field,10,definition,,Definition,The magnetic field is the frame-dependent part of the electromagnetic field associated with forces on moving charges and currents. In covariant notation it is read from the spatial components of the \cref{Field tensor}{sr.field_tensor}.
sr.magnetic_field.derivation,sr.magnetic_field,20,derivation,,Derivation,"After choosing an inertial frame, decompose the \cref{Field tensor}{sr.field_tensor}. The purely spatial antisymmetric components \(F_{ij}\) encode the magnetic field, again with signs fixed by the convention for \(F_{\mu\nu}\). In terms of the vector potential, the corresponding three-vector relation is \[ \mathbf B=\nabla\times\mathbf A. \] \optional_details{Recovering \(\mathbf B=\nabla\times\mathbf A\)}{The spatial components of the field tensor contain differences of spatial derivatives of the vector potential, such as \(\partial_i A_j-\partial_j A_i\). These are exactly the components of a curl. In three-vector notation, that antisymmetric derivative is written compactly as \(\mathbf B=\nabla\times\mathbf A\), up to the sign convention used for placing \(\mathbf B\) inside \(F_{\mu\nu}\).} \optional_details{How antisymmetry encodes a three-vector}{In three spatial dimensions, an antisymmetric pair of indices \((ij)\) has only three independent choices: \((23),(31),(12)\). These can be mapped to the three components of a vector using the Levi-Civita symbol \(\epsilon_{ijk}\). That is why the spatial part of \(F_{\mu\nu}\) can be represented by the magnetic field vector.}"
sr.magnetic_field.explanation,sr.magnetic_field,30,explanation,,Explanation,"The magnetic field is easiest to remember as the part of the electromagnetic field tied to moving charges and currents, and to sideways forces on moving test charges. But relativity adds a deeper lesson: magnetic and electric fields are not independent substances. They are different frame-dependent aspects of the same field tensor. A current-carrying wire may be described with magnetic effects in one frame and with a different balance of electric and magnetic effects in another. The circular field around a current is the familiar picture; the tensor is the covariant one."
sr.electromagnetic_field.definition,sr.electromagnetic_field,10,definition,,Definition,"The electromagnetic field is the unified relativistic field whose frame-dependent components are the \cref{Electric field}{sr.electric_field} and \cref{Magnetic field}{sr.magnetic_field}. Covariantly, it is represented by the \cref{Field tensor}{sr.field_tensor}."
sr.electromagnetic_field.derivation,sr.electromagnetic_field,20,derivation,,Derivation,"The unified electromagnetic field is obtained conceptually by collecting the electric and magnetic components into the antisymmetric tensor \(F_{\mu\nu}\). In a chosen frame, \cref{Electric field}{sr.electric_field} components occupy the time-space part of the \cref{Field tensor}{sr.field_tensor}, while \cref{Magnetic field}{sr.magnetic_field} components occupy the spatial antisymmetric part. Under \cref{Lorentz transformations}{sr.lorentz_transformations}, those components mix, so the covariant object is the tensor, not the separate three-vectors. \optional_details{Why \(\mathbf E\) and \(\mathbf B\) mix under boosts}{A Lorentz boost mixes time and space coordinates. Since the electric field comes from time-space components of \(F_{\mu\nu}\) and the magnetic field from space-space components, a boost mixes those components too. Thus an observer moving relative to a charge-current distribution may split the same tensor into different electric and magnetic parts.} \optional_details{Why \(F_{\mu\nu}\) is the covariant object}{The separate three-vectors \(\mathbf E\) and \(\mathbf B\) depend on how an observer slices spacetime into time plus space. The tensor \(F_{\mu\nu}\) contains all six components in a single object with a definite Lorentz transformation law. That is why covariant equations are written using \(F_{\mu\nu}\), then decomposed into \(\mathbf E\) and \(\mathbf B\) only after a frame is chosen.}"
sr.electromagnetic_field.explanation,sr.electromagnetic_field,30,explanation,,Explanation,"The electromagnetic field is the unified physical field whose frame-dependent faces are \(\mathbf E\) and \(\mathbf B\). This is more than a vocabulary upgrade. It explains why electric and magnetic effects transform into each other between observers, why the field can carry energy and momentum, and why a local field description replaces instantaneous action at a distance. A useful mental model is that \(F_{\mu\nu}\) is the underlying object, while \(\mathbf E\) and \(\mathbf B\) are what a particular observer reads off from it."
sr.maxwells_equations.definition,sr.maxwells_equations,10,definition,,Definition,"Maxwell's equations are the relativistic field equations governing the \cref{Electromagnetic field}{sr.electromagnetic_field}. In covariant form they relate the antisymmetric \cref{Field tensor}{sr.field_tensor} to the source \cref{Four-current}{sr.four_current}, while the homogeneous equations express the fact that the field tensor is built from a potential."
sr.maxwells_equations.derivation,sr.maxwells_equations,20,derivation,,Derivation,"Maxwell's equations follow by applying the \cref{Euler-Lagrange equations}{sr.euler_lagrange_equations} to the electromagnetic \cref{Field Lagrangian}{sr.field_lagrangian}. With \(F_{\mu\nu}=\partial_\mu A_\nu-\partial_\nu A_\mu\), a standard electromagnetic Lagrangian density is \[ \mathcal L=-\frac{1}{4\mu_0}F_{\mu\nu}F^{\mu\nu}-j_\mu A^\mu, \] using the \(+---\) metric convention. Varying the action with respect to the potential \(A_\mu\) gives the sourced Maxwell equation \[ \partial_\mu F^{\mu\nu}=\mu_0 j^\nu. \] The second half of Maxwell's equations follows from the definition of \(F_{\mu\nu}\) itself: \[ \partial_\lambda F_{\mu\nu}+\partial_\mu F_{\nu\lambda}+\partial_\nu F_{\lambda\mu}=0. \] Together these equations are local \cref{Field equations}{sr.field_equations}: at each spacetime event they relate field derivatives to the charge and current source at that event. \optional_details{Varying the electromagnetic Lagrangian}{The variation of \(F_{\mu\nu}\) is \(\delta F_{\mu\nu}=\partial_\mu\delta A_\nu-\partial_\nu\delta A_\mu\). Substituting this into the variation of \(-F_{\mu\nu}F^{\mu\nu}/(4\mu_0)-j_\mu A^\mu\), integrating by parts, and discarding the boundary term leaves a coefficient multiplying \(\delta A_\nu\). Setting that coefficient to zero gives \(\partial_\mu F^{\mu\nu}=\mu_0j^\nu\), up to the chosen sign convention.} \optional_details{How \(F=dA\) gives the homogeneous equations}{Because \(F_{\mu\nu}\) is built from derivatives of \(A_\mu\), the cyclic combination \(\partial_\lambda F_{\mu\nu}+\partial_\mu F_{\nu\lambda}+\partial_\nu F_{\lambda\mu}\) contains pairs of second derivatives with opposite signs. Each pair cancels because partial derivatives commute. This is the covariant form of \(\nabla\cdot\mathbf B=0\) and \(\nabla\times\mathbf E+\partial\mathbf B/\partial t=0\).} \optional_details{Splitting the covariant equations into the usual Maxwell equations}{The index \(\nu=0\) part of \(\partial_\mu F^{\mu\nu}=\mu_0j^\nu\) gives Gauss's law. The spatial choices \(\nu=i\) give the Ampere-Maxwell law. The cyclic identity gives the two homogeneous equations: no magnetic monopoles and Faraday's law. The compact tensor equations are therefore the four familiar Maxwell equations written without choosing a special frame.}"
sr.maxwells_equations.explanation,sr.maxwells_equations,30,explanation,,Explanation,"Maxwell's equations are not just four formulas to memorize; they are the local rules governing the electromagnetic field. They connect sources to fields and also allow fields to propagate as waves. In covariant notation, much of the structure becomes shorter: sources enter through the four-current, and the antisymmetric field tensor carries the electric and magnetic components together. If the sources vanish in a region, the equations still have nontrivial wave solutions. That is how light appears as a self-propagating electromagnetic disturbance rather than as a separate kind of object."
sr.lorenz_gauge.definition,sr.lorenz_gauge,10,definition,,Definition,The Lorenz gauge is the covariant gauge condition \[ \partial_\mu A^\mu=0 \] imposed on the \cref{Vector potential}{sr.vector_potential}. It selects a convenient representative from a gauge-equivalent family of potentials without changing the physical \cref{Electromagnetic field}{sr.electromagnetic_field}.
sr.lorenz_gauge.derivation,sr.lorenz_gauge,20,derivation,,Derivation,"Because of \cref{Gauge invariance}{sr.gauge_invariance}, potentials related by \(A_\mu\rightarrow A_\mu+\partial_\mu\Lambda\) describe the same field tensor. The \cref{Vector potential}{sr.vector_potential} therefore contains redundant descriptive freedom. The Lorenz gauge fixes part of that freedom by imposing the Lorentz-covariant scalar condition \[ \partial_\mu A^\mu=0. \] With this condition, the potential form of \cref{Maxwell's equations}{sr.maxwells_equations} simplifies to a wave equation with source, schematically \(\Box A^\mu=\mu_0 j^\mu\) in SI conventions. \optional_details{Applying the Lorenz gauge to Maxwell's equations}{In terms of the potential, the sourced Maxwell equation contains terms of the form \(\Box A^\nu-\partial^\nu(\partial_\mu A^\mu)=\mu_0j^\nu\), up to sign conventions. The Lorenz gauge sets \(\partial_\mu A^\mu=0\), so the second term disappears. What remains is a wave equation for each component of the potential: schematically \(\Box A^\nu=\mu_0j^\nu\).} \optional_details{Lorenz gauge versus Lorentz invariance}{The Lorenz gauge is named after Ludvig Lorenz, not Hendrik Lorentz. The condition is nevertheless Lorentz-covariant because \(\partial_\mu A^\mu\) is a scalar contraction. If it is zero in one inertial frame, it is zero in every Lorentz-related inertial frame.}"
sr.lorenz_gauge.explanation,sr.lorenz_gauge,30,explanation,,Explanation,"The Lorenz gauge is a choice that makes the potential description cleaner without changing the physical field. Gauge conditions can feel suspicious at first: are we changing the physics? No. We are choosing one representative from many equivalent potentials, much like choosing convenient coordinates. The Lorenz gauge condition \(\partial_\mu A^\mu=0\) is especially useful because it respects Lorentz covariance and turns Maxwell's equations for the potential into a wave-equation form. Remember the spelling: Lorenz gauge, not Lorentz transformation."
sr.gauge_invariance.definition,sr.gauge_invariance,10,definition,,Definition,Gauge invariance is the freedom to change the electromagnetic potential by \[ A_\mu\rightarrow A_\mu+\partial_\mu\Lambda \] without changing the physical electromagnetic field. The \cref{Field tensor}{sr.field_tensor} remains invariant under this transformation.
sr.gauge_invariance.derivation,sr.gauge_invariance,20,derivation,,Derivation,"The invariance follows from the construction of the \cref{Field tensor}{sr.field_tensor}. Under \(A_\mu\rightarrow A_\mu+\partial_\mu\Lambda\), \[ F_{\mu\nu}\rightarrow \partial_\mu(A_\nu+\partial_\nu\Lambda)-\partial_\nu(A_\mu+\partial_\mu\Lambda). \] The added terms cancel because partial derivatives commute: \[ \partial_\mu\partial_\nu\Lambda-\partial_\nu\partial_\mu\Lambda=0. \] Therefore \(F_{\mu\nu}\), and hence the physical \cref{Electromagnetic field}{sr.electromagnetic_field}, is unchanged. \optional_details{Expanding the gauge transformation term by term}{After the transformation \(A_\mu\to A_\mu+\partial_\mu\Lambda\), the new field tensor is \(F'_{\mu\nu}=\partial_\mu A_\nu+\partial_\mu\partial_\nu\Lambda-\partial_\nu A_\mu-\partial_\nu\partial_\mu\Lambda\). Grouping the original terms gives \(F_{\mu\nu}\), and the remaining two second-derivative terms cancel. Therefore \(F'_{\mu\nu}=F_{\mu\nu}\).} \optional_details{Why commuting partial derivatives makes the cancellation work}{For a sufficiently smooth scalar function \(\Lambda\), the order of partial differentiation does not matter: \(\partial_\mu\partial_\nu\Lambda=\partial_\nu\partial_\mu\Lambda\). The gauge-added part of \(F_{\mu\nu}\) is the difference between these two equal quantities. That is why a pure gradient in the potential has no electromagnetic field tensor.}"
sr.gauge_invariance.explanation,sr.gauge_invariance,30,explanation,,Explanation,"Gauge invariance says the potential has redundancy: different \(A_\mu\) fields can produce the same \(F_{\mu\nu}\). This can be hard to accept because we are used to different mathematical descriptions meaning different physical situations. Here the field tensor is the observable electromagnetic object, and the potential has extra descriptive freedom. An analogy is choosing coordinates on a map: changing coordinates changes the labels, not the terrain. Gauge invariance is deeper than that analogy, but it helps with the first conceptual step: not every change in the potential is a physical change."
sr.four_current.definition,sr.four_current,10,definition,,Definition,"The four-current \(j^\mu\) combines charge density and current density into one relativistic \cref{Four-vectors}{sr.four_vectors}: \[ j^\mu=(c\rho,\mathbf j). \] It is the source appearing in covariant \cref{Maxwell's equations}{sr.maxwells_equations}."
sr.four_current.derivation,sr.four_current,20,derivation,,Derivation,"The four-current is built by packaging local charge density and ordinary current density into a four-vector. Since charge density is the time component of charge flow and \(\mathbf j\) is the spatial flux of charge, the covariant object is \[ j^\mu=(c\rho,j_x,j_y,j_z). \] Its transformation law is the \cref{Four-vectors}{sr.four_vectors} transformation law. Local conservation is expressed by its four-divergence, \(\partial_\mu j^\mu=0\), developed in \cref{Charge conservation}{sr.charge_conservation}. \optional_details{From continuity equation to \(\partial_\mu j^\mu=0\)}{The ordinary continuity equation is \(\partial\rho/\partial t+\nabla\cdot\mathbf j=0\). With \(j^\mu=(c\rho,\mathbf j)\) and \(\partial_\mu=(\partial/(c\partial t),\nabla)\), the four-divergence is \(\partial_\mu j^\mu=(1/c)\partial(c\rho)/\partial t+\nabla\cdot\mathbf j\). This is exactly the ordinary continuity equation.} \optional_details{Why \(c\rho\) is the time component}{The spatial current \(\mathbf j\) has units of charge per area per time. Multiplying charge density \(\rho\) by \(c\) gives the same dimensions, because \(c\rho\) is charge per volume times distance per time. It also makes \(j^\mu\) transform as a four-vector when charge flow is viewed from different inertial frames.}"
sr.four_current.explanation,sr.four_current,30,explanation,,Explanation,"The four-current packages charge density and current density into one relativistic source object. Charge density alone is not enough because different observers disagree about densities and currents when charges are moving. What one observer calls mostly charge density, another may partly describe as current. The four-current keeps the bookkeeping together, just as four-momentum keeps energy and momentum together. In a wire, the lab frame and a frame moving with charges can assign different \(\rho\) and \(\mathbf j\), but they are related as components of \(j^\mu\)."
sr.minimal_coupling.definition,sr.minimal_coupling,10,definition,,Definition,"Minimal coupling is the standard prescription for introducing electromagnetic interaction into a charged particle's dynamics by replacing ordinary momentum structure with the gauge-covariant combination involving the \cref{Vector potential}{sr.vector_potential}, commonly \(p_\mu-eA_\mu\)."
sr.minimal_coupling.derivation,sr.minimal_coupling,20,derivation,,Derivation,"The prescription is guided by \cref{Gauge invariance}{sr.gauge_invariance} and the existence of the \cref{Vector potential}{sr.vector_potential}. For a charged particle, one adds the simplest local interaction term between the particle worldline and the potential, proportional to \[ e A_\mu dx^\mu. \] Equivalently, in momentum language the free momentum is replaced by the gauge-covariant combination \[ p_\mu\rightarrow p_\mu-eA_\mu. \] Varying the minimally coupled action gives the \cref{Lorentz force law}{sr.lorentz_force_law}. \optional_details{Why \(eA_\mu dx^\mu\) is a scalar interaction}{The displacement \(dx^\mu\) is a four-vector and \(A_\mu\) is a covector. Contracting them gives \(A_\mu dx^\mu\), a Lorentz scalar. Multiplying by the charge \(e\) gives an interaction term that all inertial observers agree how to include in the action.} \optional_details{From worldline coupling to \(p_\mu-eA_\mu\)}{In Hamiltonian or wave-mechanical language, the interaction with the potential is captured by replacing the free canonical momentum with a gauge-covariant combination. The subtraction \(p_\mu-eA_\mu\) is arranged so that a gauge change in \(A_\mu\) can be compensated by the corresponding phase or canonical transformation. This keeps observable quantities gauge-invariant.}"
sr.minimal_coupling.explanation,sr.minimal_coupling,30,explanation,,Explanation,"Minimal coupling is the economical way to make a charged particle interact with electromagnetism. Instead of inventing a separate force rule first, we insert the vector potential into the particle's action or momentum structure. The phrase 'minimal' means no unnecessary extra terms: use the simplest local, gauge-compatible coupling. This also explains why canonical momentum and mechanical momentum can differ. In the nonrelativistic limit, the Lagrangian picks up terms involving \(\phi\) and \(\mathbf A\), and varying it gives the Lorentz force."
sr.lorentz_force_law.definition,sr.lorentz_force_law,10,definition,,Definition,The Lorentz force law is the relativistic equation of motion for a charged particle in an electromagnetic field. In covariant form it relates the rate of change of \cref{Momentum four-vector}{sr.momentum_four_vector} to the \cref{Field tensor}{sr.field_tensor} and the particle's \cref{Velocity four-vector}{sr.velocity_four_vector}.
sr.lorentz_force_law.derivation,sr.lorentz_force_law,20,derivation,,Derivation,"Starting from the \cref{Action principle}{sr.action_principle} with \cref{Minimal coupling}{sr.minimal_coupling}, varying the charged particle worldline gives the covariant force equation \[ \frac{dp^\mu}{d\tau}=eF^\mu{}_{\nu}U^\nu, \] up to conventional placement of indices and unit factors. Here \(p^\mu\) is the \cref{Momentum four-vector}{sr.momentum_four_vector}, \(U^\nu\) is the \cref{Velocity four-vector}{sr.velocity_four_vector}, and \(F^\mu{}_{\nu}\) is formed from the \cref{Field tensor}{sr.field_tensor}. In three-vector form this contains \[ \mathbf F=e(\mathbf E+\mathbf v\times\mathbf B). \] \optional_details{Sketching the worldline variation}{The charged-particle action contains a free proper-time part and an interaction part proportional to \(eA_\mu dx^\mu\). Varying the path changes both the velocity and the value of \(A_\mu\) sampled along the path. After integration by parts, the derivative terms combine into \(\partial_\mu A_\nu-\partial_\nu A_\mu=F_{\mu\nu}\), giving the covariant force law \(dp^\mu/d\tau=eF^\mu{}_{\nu}U^\nu\).} \optional_details{Splitting the four-force into \(\mathbf E+\mathbf v\times\mathbf B\)}{Choose an inertial frame and separate the time and spatial components of \(F^\mu{}_{\nu}U^\nu\). The time-space parts of \(F\) contribute the electric force, while the spatial antisymmetric parts contribute the cross product with \(\mathbf B\). The spatial part of the covariant equation then becomes the familiar three-vector expression \(d\mathbf p/dt=e(\mathbf E+\mathbf v\times\mathbf B)\), up to unit conventions.}"
sr.lorentz_force_law.explanation,sr.lorentz_force_law,30,explanation,,Explanation,"The Lorentz force law is the bridge from field to particle motion. In three-vector form it says electric fields push charges along the field and magnetic fields deflect moving charges sideways. In covariant form the same statement becomes one compact equation involving \(F^\mu{}_{\nu}\), four-velocity, and four-momentum. The compact notation is not just elegance; it shows that electric and magnetic forces are components of one relativistic interaction. A charge at rest in an electric field and a moving charge curving in a magnetic field are two familiar faces of the same law."
sr.charge_conservation.definition,sr.charge_conservation,10,definition,,Definition,Charge conservation is the local statement that electric charge cannot appear or disappear. In relativistic notation it is written as the continuity equation for the \cref{Four-current}{sr.four_current}: \[ \partial_\mu j^\mu=0. \]
sr.charge_conservation.derivation,sr.charge_conservation,20,derivation,,Derivation,"Charge conservation follows from the sourced \cref{Maxwell's equations}{sr.maxwells_equations}. Taking the divergence of \[ \partial_\mu F^{\mu\nu}=\mu_0 j^\nu \] gives \[ \partial_\nu\partial_\mu F^{\mu\nu}=\mu_0\partial_\nu j^\nu. \] The left-hand side vanishes because \(F^{\mu\nu}\) is antisymmetric while the double derivative is symmetric in \(\mu\) and \(\nu\). Therefore \[ \partial_\mu j^\mu=0. \] This is the covariant continuity equation for the \cref{Four-current}{sr.four_current}. \optional_details{Why symmetric derivatives contracted with an antisymmetric tensor vanish}{The double derivative \(\partial_\nu\partial_\mu\) is symmetric in the two indices because partial derivatives commute. The field tensor \(F^{\mu\nu}\) is antisymmetric, so swapping \(\mu\) and \(\nu\) changes the sign of \(F\) but not of the derivative operator. A quantity equal to its own negative must be zero, so \(\partial_\nu\partial_\mu F^{\mu\nu}=0\).} \optional_details{Relating \(\partial_\mu j^\mu=0\) to charge conservation}{Expanding the four-divergence gives \(\partial\rho/\partial t+\nabla\cdot\mathbf j=0\). This says that charge density in a small volume can decrease only if current flows out through the boundary, and can increase only if current flows in. Integrating over a volume gives the usual statement that total charge changes by the negative of the outward current flux.}"
sr.charge_conservation.explanation,sr.charge_conservation,30,explanation,,Explanation,"Charge conservation is local bookkeeping. It does not merely say the total charge of the universe stays fixed; it says charge cannot disappear from a small box unless current flows through the boundary. The continuity equation expresses that point-by-point accounting. In Maxwell theory it also follows from the antisymmetry of the field tensor, so it is built into the consistency of the equations. If charge density in a small region decreases, the equation demands an outward current. The charge went somewhere; it did not vanish at an event."
sr.em_energy_density.definition,sr.em_energy_density,10,definition,,Definition,"The electromagnetic energy density is the energy per unit volume carried by the \cref{Electromagnetic field}{sr.electromagnetic_field}. In SI units it is \[ u=\frac12\left(\epsilon_0 E^2+\frac{1}{\mu_0}B^2\right), \] where \(\mathbf E\) and \(\mathbf B\) are the \cref{Electric field}{sr.electric_field} and \cref{Magnetic field}{sr.magnetic_field}."
sr.em_energy_density.derivation,sr.em_energy_density,20,derivation,,Derivation,"The energy density is obtained as the time-time component of the electromagnetic \cref{Energy--momentum tensor}{sr.energy_momentum_tensor}. In a chosen inertial frame, decomposing the field tensor into the \cref{Electric field}{sr.electric_field} and \cref{Magnetic field}{sr.magnetic_field} gives \[ T^{00}=u=\frac12\left(\epsilon_0 E^2+\frac{1}{\mu_0}B^2\right). \] Thus the energy stored locally in the field is built from the squared electric and magnetic field strengths. \optional_details{Computing \(T^{00}\)}{The \(00\) component is selected because it represents energy density in the chosen inertial frame. Substitute the electric and magnetic pieces of \(F_{\mu\nu}\) into the electromagnetic stress-energy tensor and keep \(\mu=\nu=0\). Cross terms cancel by antisymmetry, leaving the sum of squared field strengths with the SI factors \(\epsilon_0\) and \(1/\mu_0\).} \optional_details{Why the energy density is quadratic in field strengths}{A field and its negative should store the same amount of energy, so the energy density cannot be linear in \(\mathbf E\) or \(\mathbf B\). The leading local scalar-like quantities are \(E^2\) and \(B^2\). This matches the work required to build up fields gradually from zero, where doubling the field strength quadruples the stored energy.}"
sr.em_energy_density.explanation,sr.em_energy_density,30,explanation,,Explanation,"Electromagnetic fields store energy locally. That is a major conceptual step if you first met fields only as devices for exerting forces on charges. The energy is not just in the particles; it can be in the field between them and can move through space. The formula \(u=\tfrac12(\epsilon_0E^2+B^2/\mu_0)\) says stronger fields carry more energy density. In a plane wave, the electric and magnetic contributions are equal, so the field energy is shared between the two components. This energy density is one component of the larger energy-momentum tensor."
sr.poynting_vector.definition,sr.poynting_vector,10,definition,,Definition,"The Poynting vector \(\mathbf S\) describes electromagnetic energy flux: the rate at which field energy flows through unit area. In SI units, \[ \mathbf S=\frac{1}{\mu_0}\mathbf E\times\mathbf B. \] It is closely related to the momentum density of the electromagnetic field."
sr.poynting_vector.derivation,sr.poynting_vector,20,derivation,,Derivation,"The Poynting vector is obtained from the mixed time-space components of the electromagnetic \cref{Energy--momentum tensor}{sr.energy_momentum_tensor}. When those components are decomposed into the \cref{Electric field}{sr.electric_field} and \cref{Magnetic field}{sr.magnetic_field}, the energy-flow result from \cref{Field energy}{sr.electromagnetic_field} gives \[ \mathbf S=\frac{1}{\mu_0}\mathbf E\times\mathbf B. \] The corresponding field momentum density is \[ \mathbf g=\frac{\mathbf S}{c^2}. \] \optional_details{From \(T^{0i}\) to \(\mathbf S\)}{The components with one time index and one space index describe the flow of energy or the density of momentum, depending on index placement and convention. For the electromagnetic stress-energy tensor, evaluating these mixed components in terms of \(\mathbf E\) and \(\mathbf B\) gives a vector proportional to \(\mathbf E\times\mathbf B\). In SI units the energy flux is \(\mathbf S=(1/\mu_0)\mathbf E\times\mathbf B\).} \optional_details{Why field momentum density is \(\mathbf S/c^2\)}{Energy flux has units of energy per area per time. Momentum density has units of momentum per volume, and for radiation energy and momentum are related by \(E=pc\). The covariant stress-energy tensor packages these quantities consistently, leading in SI units to \(\mathbf g=\mathbf S/c^2\).}"
sr.poynting_vector.explanation,sr.poynting_vector,30,explanation,,Explanation,"The Poynting vector tells you where electromagnetic energy is going. Energy density says how much field energy is stored in a region; \(\mathbf S\) says how that energy flows through space. The cross product \(\mathbf E\times\mathbf B\) is a direction cue as well as a formula: in a plane wave with \(\mathbf E\) along \(y\) and \(\mathbf B\) along \(z\), \(\mathbf S\) points along the direction of propagation. Relativity ties this energy flux to momentum density, so field energy flow also means field momentum."
sr.em_stress_energy.definition,sr.em_stress_energy,10,definition,,Definition,"The electromagnetic stress-energy tensor is the electromagnetic-field instance of the general \cref{Energy--momentum tensor}{sr.energy_momentum_tensor}. It combines electromagnetic energy density, momentum density, energy flux, and stresses into one Lorentz-covariant tensor."
sr.em_stress_energy.derivation,sr.em_stress_energy,20,derivation,,Derivation,"For the electromagnetic field, the stress-energy tensor is constructed algebraically from the \cref{Field tensor}{sr.field_tensor} and the \cref{Metric tensor}{sr.metric_tensor}. With the \(+---\) convention and suppressing unit-dependent constants, a common form is \[ T^{\mu\nu}=-F^{\mu\lambda}F^\nu{}_{\lambda}+\frac14\eta^{\mu\nu}F^{\alpha\beta}F_{\alpha\beta}. \] This is the electromagnetic specialization of the general \cref{Energy--momentum tensor}{sr.energy_momentum_tensor}. \optional_details{Why the tensor is quadratic in \(F_{\mu\nu}\)}{Field energy should not change sign when the electromagnetic field is reversed, so it must be even in the fields. The simplest Lorentz-covariant expressions are quadratic contractions of \(F_{\mu\nu}\). The stress-energy tensor uses these quadratic combinations while keeping two free indices so it can describe energy density, momentum density, and stress.} \optional_details{Recovering energy density from \(T^{00}\)}{To find the energy density measured in a chosen inertial frame, set \(\mu=\nu=0\) in the electromagnetic stress-energy tensor. The time-space components of \(F\) contribute terms involving \(E^2\), while the spatial components contribute terms involving \(B^2\). With SI constants restored, the result is \(T^{00}=\frac12(\epsilon_0E^2+B^2/\mu_0)\).}"
sr.em_stress_energy.explanation,sr.em_stress_energy,30,explanation,,Explanation,"The stress-energy tensor may sound abstract, but it is a complete local accounting sheet for electromagnetic energy and momentum. The time-time part is energy density, the mixed parts describe energy flux and momentum density, and the spatial parts describe stresses: momentum flowing across surfaces. Radiation pressure is a concrete example. Light hitting a surface carries momentum, so it can push. Different observers split the tensor into density, flux, and stress differently, but they are decomposing the same covariant object."
sr.energy_momentum_tensor.definition,sr.energy_momentum_tensor,10,definition,,Definition,"The energy-momentum tensor \(T^{\mu\nu}\) is a rank-two tensor that describes the density and flow of energy and momentum through spacetime. Its conservation equation, \[ \partial_\mu T^{\mu\nu}=0, \] expresses local conservation of energy and momentum for an isolated system."
sr.energy_momentum_tensor.derivation,sr.energy_momentum_tensor,20,derivation,,Derivation,"The energy-momentum tensor is derived from spacetime translation symmetry using \cref{Noether's theorem}{sr.noether_theorem}. If the action is unchanged under constant shifts \[ x^\mu \rightarrow x^\mu+\epsilon^\mu, \] then there is a conserved current for each spacetime direction. These four conserved currents are assembled into \(T^{\mu\nu}\), with the conservation law \[ \partial_\mu T^{\mu\nu}=0. \] For fields described by a Lagrangian density \(\mathcal L(\phi_a,\partial_\mu\phi_a)\), the canonical form is \[ T^\mu{}_{\nu}=\frac{\partial\mathcal L}{\partial(\partial_\mu\phi_a)}\partial_\nu\phi_a-\delta^\mu{}_{\nu}\mathcal L. \] This form may be improved or symmetrized when needed, especially for gauge fields. For electromagnetism, the physically useful symmetric tensor is constructed from the \cref{Field tensor}{sr.field_tensor}. With the \(+---\) metric convention and suppressing unit-dependent constants, \[ T^{\mu\nu}=-F^{\mu\lambda}F^\nu{}_{\lambda}+\frac14 \eta^{\mu\nu}F^{\alpha\beta}F_{\alpha\beta}. \] This tensor packages electromagnetic energy density, momentum density, and stresses into one Lorentz-covariant object. \optional_details{From translations to four conserved currents}{A spacetime translation has four independent parameters: one for time and three for space. Noether's theorem gives one conserved current for each parameter. Placing those four currents side by side gives the two-index object \(T^{\mu\nu}\), where one index labels the current direction and the other labels which component of energy-momentum is being transported.} \optional_details{Deriving the canonical tensor}{Under a small translation, the field changes by \(\delta\phi_a=-\epsilon^\nu\partial_\nu\phi_a\). Substituting this transformation into Noether's theorem gives a current proportional to \((\partial\mathcal L/\partial(\partial_\mu\phi_a))\partial_\nu\phi_a\) plus a term from translating the volume element. The result is \(T^\mu{}_{\nu}=(\partial\mathcal L/\partial(\partial_\mu\phi_a))\partial_\nu\phi_a-\delta^\mu{}_{\nu}\mathcal L\).} \optional_details{Why stress-energy can be symmetrized}{The canonical tensor is not always symmetric and may not be the most useful tensor for gauge fields. One can often add an improvement term whose divergence is identically zero, so the conserved total energy and momentum do not change. The improved tensor can be made symmetric and gauge-invariant, which is why electromagnetism is usually described with the symmetric tensor built from \(F_{\mu\nu}\).}"
sr.energy_momentum_tensor.explanation,sr.energy_momentum_tensor,30,explanation,,Explanation,"The energy-momentum tensor generalizes the idea of energy and momentum conservation to fields and continuous systems. A field can have energy spread through space, momentum flowing from one region to another, and stresses across surfaces. All of that local bookkeeping is held in \(T^{\mu\nu}\). The conservation equation \(\partial_\mu T^{\mu\nu}=0\) says energy-momentum is not disappearing at a point; it is balanced by flow. For electromagnetism, \(T^{00}\) gives field energy density, while other components encode Poynting flux, momentum density, and pressure-like stresses."
sr.electromagnetic_waves.definition,sr.electromagnetic_waves,10,definition,,Definition,"Electromagnetic waves are propagating source-free disturbances of the \cref{Electromagnetic field}{sr.electromagnetic_field}. In a chosen frame they appear as coupled oscillations of the \cref{Electric field}{sr.electric_field} and \cref{Magnetic field}{sr.magnetic_field}, travelling at speed \(c\) in vacuum."
sr.electromagnetic_waves.derivation,sr.electromagnetic_waves,20,derivation,,Derivation,"Electromagnetic waves follow from source-free \cref{Maxwell's equations}{sr.maxwells_equations}. In a region where the \cref{Four-current}{sr.four_current} vanishes, Maxwell's equations imply a \cref{Wave equation}{sr.wave_equation} for the field or for the potential in a suitable gauge: \[ \Box A^\mu=0. \] Plane-wave solutions have electric and magnetic components transverse to the propagation direction, and the speed of propagation is fixed by the invariant light speed \(c\). \optional_details{Deriving the source-free wave equation}{In a region with no charge or current, \(j^\mu=0\). Maxwell's equations then reduce, in Lorenz gauge, to \(\Box A^\mu=0\). Equivalently, taking curls and time derivatives of the usual three-vector Maxwell equations gives \((1/c^2)\partial^2\mathbf E/\partial t^2-\nabla^2\mathbf E=0\) and the same equation for \(\mathbf B\).} \optional_details{Why electromagnetic waves are transverse}{For a plane wave moving in direction \(\mathbf k\), the source-free equations include \(\nabla\cdot\mathbf E=0\) and \(\nabla\cdot\mathbf B=0\). Substituting a plane wave turns these into \(\mathbf k\cdot\mathbf E=0\) and \(\mathbf k\cdot\mathbf B=0\). Thus both fields are perpendicular to the propagation direction.}"
sr.electromagnetic_waves.explanation,sr.electromagnetic_waves,30,explanation,,Explanation,"An electromagnetic wave is a self-sustaining disturbance of one electromagnetic field, not two independent waves called electric and magnetic. Maxwell's equations link the changing electric and magnetic components so the disturbance propagates at \(c\) in vacuum. In a plane wave, \(\mathbf E\), \(\mathbf B\), and the direction of travel are mutually perpendicular, and the Poynting vector points along the propagation direction. The wave carries energy and momentum, which is why light can heat a surface or exert radiation pressure."
sr.wave_equation.definition,sr.wave_equation,10,definition,,Definition,"The relativistic wave equation is a field equation involving the d'Alembertian operator \[ \Box=\partial_\mu\partial^\mu=\frac{1}{c^2}\frac{\partial^2}{\partial t^2}-\nabla^2. \] For electromagnetism, it describes propagating solutions of the vector potential or fields."
sr.wave_equation.derivation,sr.wave_equation,20,derivation,,Derivation,"The electromagnetic wave equation is obtained from \cref{Maxwell's equations}{sr.maxwells_equations}. Writing the field in terms of the \cref{Vector potential}{sr.vector_potential} and imposing the \cref{Lorenz gauge}{sr.lorenz_gauge}, \(\partial_\mu A^\mu=0\), the sourced equation becomes schematically \[ \Box A^\mu=\mu_0 j^\mu. \] The operator \(\Box\) is formed using the \cref{Metric tensor}{sr.metric_tensor}. In source-free regions where the \cref{Four-current}{sr.four_current} vanishes, this reduces to \[ \Box A^\mu=0, \] whose solutions describe \cref{Electromagnetic waves}{sr.electromagnetic_waves}. \optional_details{Applying Lorenz gauge to the potential equation}{Starting from \(\partial_\mu F^{\mu\nu}=\mu_0j^\nu\) and writing \(F^{\mu\nu}=\partial^\mu A^\nu-\partial^\nu A^\mu\), we get \(\partial_\mu\partial^\mu A^\nu-\partial^\nu(\partial_\mu A^\mu)=\mu_0j^\nu\). The first term is \(\Box A^\nu\). In Lorenz gauge the second term is zero, so the equation becomes \(\Box A^\nu=\mu_0j^\nu\), up to sign convention.} \optional_details{Plane-wave solutions of \(\Box A^\mu=0\)}{Try a solution \(A^\mu=\epsilon^\mu e^{i(k\cdot x)}\). Applying \(\Box\) brings down a factor proportional to \(-k_\mu k^\mu\). The wave equation therefore requires \(k_\mu k^\mu=0\), meaning the wave four-vector is null. This corresponds to propagation at speed \(c\).}"
sr.wave_equation.explanation,sr.wave_equation,30,explanation,,Explanation,"The wave equation is the mathematical pattern for finite-speed propagation. With the \(+---\) metric, the d'Alembertian has one time part and three spatial parts: \(\Box=c^{-2}\partial_t^2-\nabla^2\). That sign structure is what makes light-cone propagation appear. In electromagnetism, choosing the Lorenz gauge turns the potential equations into a clean wave equation. In a source-free region, plane waves satisfy \(\omega=ck\), which is the compact statement that the disturbance moves at speed \(c\)."
sr.radiation_reaction.definition,sr.radiation_reaction,10,definition,,Definition,Radiation reaction is the back-reaction force on an accelerating charged particle caused by the energy and momentum it radiates away as electromagnetic waves.
sr.radiation_reaction.derivation,sr.radiation_reaction,20,derivation,,Derivation,"An accelerating charge emits \cref{Electromagnetic waves}{sr.electromagnetic_waves}. Those waves carry energy and momentum, described locally by the \cref{Energy--momentum tensor}{sr.energy_momentum_tensor}. Conservation of total energy and momentum then requires the charged particle's motion to be modified: the particle loses energy-momentum to the field it radiates. Radiation reaction is the correction to the motion beyond the applied \cref{Lorentz force law}{sr.lorentz_force_law}. \optional_details{Energy-momentum balance for an accelerating charge}{An accelerating charge creates fields that propagate away as radiation. Those fields carry energy and momentum, measured by the electromagnetic stress-energy tensor. If total energy-momentum is conserved, the particle cannot keep the same motion it would have had under only an external Lorentz force; some energy-momentum has left with the radiation.} \optional_details{Why the Lorentz force is not the whole story}{The Lorentz force describes how external electromagnetic fields push a charge. But the charge also creates its own field, and when it accelerates that self-field contains outgoing radiation. Radiation reaction is the correction that accounts for the back-effect of the charge's own radiated field on its motion.}"
sr.radiation_reaction.explanation,sr.radiation_reaction,30,explanation,,Explanation,"Radiation reaction is difficult because the charge is affected by the field it creates. The ordinary Lorentz force describes how an external field acts on a charge. But an accelerating charge emits electromagnetic waves, and those waves carry energy and momentum away. Conservation then says the particle's motion must reflect that loss. A driven electron, for example, radiates while it oscillates, so some work done on it leaves as radiation rather than remaining as particle energy. The details are subtle because self-interaction can lead to unphysical runaway or pre-accelerating solutions if handled carelessly."
sr.lorentz_invariance.definition,sr.lorentz_invariance,10,definition,,Definition,"Lorentz invariance is the statement that the laws of physics have the same form in all inertial frames related by \cref{Lorentz transformations}{sr.lorentz_transformations}. Equivalently, physical equations should be expressible using Lorentz-covariant objects and invariant contractions."
sr.lorentz_invariance.derivation,sr.lorentz_invariance,20,derivation,,Derivation,"Lorentz invariance is the modern mathematical expression of the \cref{Principle of relativity}{sr.principle_of_relativity} in Minkowski spacetime. The relevant transformations are the \cref{Lorentz transformations}{sr.lorentz_transformations}, defined by preserving the \cref{Metric tensor}{sr.metric_tensor}: \[ \Lambda^T\eta\Lambda=\eta. \] Objects such as \cref{Four-vectors}{sr.four_vectors}, the \cref{Field tensor}{sr.field_tensor}, and the \cref{Energy--momentum tensor}{sr.energy_momentum_tensor} transform in ways that preserve tensor equations between inertial frames. \optional_details{How \(\Lambda^T\eta\Lambda=\eta\) preserves scalar products}{For two four-vectors \(A\) and \(B\), the scalar product is \(A^T\eta B\). After a Lorentz transformation it becomes \((\Lambda A)^T\eta(\Lambda B)=A^T\Lambda^T\eta\Lambda B\). Using \(\Lambda^T\eta\Lambda=\eta\), this reduces back to \(A^T\eta B\). Thus scalar products and tensor equations built from them keep their invariant content.} \optional_details{What it means for an equation to be Lorentz-covariant}{An equation is Lorentz-covariant if both sides transform in the same way under Lorentz transformations. For example, if both sides are four-vectors, then changing frames multiplies both sides by the same \(\Lambda^\mu{}_{\nu}\). Therefore an equation true in one inertial frame remains true in every inertial frame, even though the component values may change.}"
sr.lorentz_invariance.explanation,sr.lorentz_invariance,30,explanation,,Explanation,"Lorentz invariance is the demand that the form of physical law does not depend on which inertial observer writes it down. This does not mean every observer measures the same components. They usually do not. It means the equations relate objects that transform consistently, so all observers describe the same physics. Tensor notation is helpful because it makes this structure visible: if both sides of an equation are tensors of the same type, covariance is built in. For example, \(p_\mu p^\mu=m^2c^2\) is invariant, while Maxwell's equations in tensor form are covariant."
sr.gauge_fixing.definition,sr.gauge_fixing,10,definition,,Definition,Gauge fixing is the choice of one representative potential from a family of gauge-equivalent potentials. It removes redundant descriptive freedom associated with \cref{Gauge invariance}{sr.gauge_invariance} without changing the physical electromagnetic field.
sr.gauge_fixing.derivation,sr.gauge_fixing,20,derivation,,Derivation,"Gauge fixing is possible because \cref{Gauge invariance}{sr.gauge_invariance} says that many potentials describe the same physical field. The \cref{Vector potential}{sr.vector_potential} may be changed while leaving the \cref{Field tensor}{sr.field_tensor} and hence the \cref{Electromagnetic field}{sr.electromagnetic_field} unchanged. A gauge condition adds an extra equation selecting a convenient representative. The \cref{Lorenz gauge}{sr.lorenz_gauge}, \(\partial_\mu A^\mu=0\), is one such choice and is useful because it respects \cref{Lorentz invariance}{sr.lorentz_invariance}. \optional_details{Gauge fixing as choosing a representative}{Gauge-related potentials describe the same physical field tensor, so they are like many different descriptions of one electromagnetic situation. A gauge condition adds an extra rule that selects one convenient representative from that family. The choice can simplify calculations without changing \(F_{\mu\nu}\) or any gauge-invariant observable.} \optional_details{Residual gauge freedom after imposing Lorenz gauge}{A gauge transformation changes \(\partial_\mu A^\mu\) by \(\Box\Lambda\). If the Lorenz gauge already holds, it will still hold after the transformation provided \(\Box\Lambda=0\). Therefore Lorenz gauge does not remove all gauge freedom; it leaves residual transformations whose gauge function satisfies the homogeneous wave equation.}"
sr.gauge_fixing.explanation,sr.gauge_fixing,30,explanation,,Explanation,"Gauge fixing is choosing a convenient representative from many physically equivalent potentials. The danger is to think the gauge choice is an extra physical assumption. It is not; it is a way to remove redundant description. The field tensor remains the same. This is similar in spirit to choosing coordinates, though gauge symmetry has its own physics. The Lorenz gauge is a useful example because it preserves Lorentz covariance and simplifies Maxwell's equations for the potential to a wave-equation form, \(\Box A^\mu=\mu_0j^\mu\)."
